{
"type": "FeatureCollection",
"name": "probka_wydzielen",
"crs": { "type": "name", "properties": { "name": "urn:ogc:def:crs:OGC:1.3:CRS84" } },
"features": [
{ "type": "Feature", "properties": { "area_type": "R", "silvicult": null, "forest_fun": null, "rotat_age": 0, "sub_area": 0.75, "prot_categ": null, "adr_for": "16-01-1-04-70    -g   -00", "a_i_num": 1601026634, "site_type": null, "stand_stru": null, "species_cd": null, "part_cd": null, "spec_age": 0, "a_year": 2025, "nazwa": "BDL_16_01_BARYCZ_2025" }, "geometry": { "type": "MultiPolygon", "coordinates": [ [ [ [ 20.469979822428268, 51.254877584514901 ], [ 20.470401902275345, 51.255085924547863 ], [ 20.470567224825405, 51.255176950358276 ], [ 20.471693717133274, 51.255186809229109 ], [ 20.471497671579741, 51.255431161638313 ], [ 20.471314821134367, 51.25566680215826 ], [ 20.471368697063209, 51.255706424483961 ], [ 20.472219096196572, 51.255729553847772 ], [ 20.47221968058231, 51.255447179468845 ], [ 20.472225416938006, 51.255191456747831 ], [ 20.472446530091648, 51.255193442868084 ], [ 20.472437990347, 51.254939608852737 ], [ 20.471288205766651, 51.254900454954239 ], [ 20.470844274051728, 51.254892361457529 ], [ 20.470011347148276, 51.254877188583166 ], [ 20.469979822428268, 51.254877584514901 ] ] ] ] } },
{ "type": "Feature", "properties": { "area_type": "D-STAN", "silvicult": "GZ", "forest_fun": "GOSP", "rotat_age": 100, "sub_area": 3.49, "prot_categ": null, "adr_for": "16-01-3-09-20    -c   -00", "a_i_num": 1601026344, "site_type": "BMŚW", "stand_stru": "DRZEW", "species_cd": "SO", "part_cd": "8", "spec_age": 24, "a_year": 2025, "nazwa": "BDL_16_01_BARYCZ_2025" }, "geometry": { "type": "MultiPolygon", "coordinates": [ [ [ [ 20.463187037751474, 51.185010989220707 ], [ 20.463174325901893, 51.185016365633196 ], [ 20.463040044085069, 51.185074447174706 ], [ 20.4630002256525, 51.185091676870982 ], [ 20.462712898946677, 51.185216529813481 ], [ 20.462136543820545, 51.185466884510028 ], [ 20.460415067716657, 51.186214688148269 ], [ 20.460449310096916, 51.186401367787738 ], [ 20.460333423160069, 51.186688422750159 ], [ 20.460114777798324, 51.186962457310798 ], [ 20.459286432594631, 51.187234653396253 ], [ 20.458646449155388, 51.188132383137656 ], [ 20.46104115193361, 51.187097248385243 ], [ 20.461531149400471, 51.186885399653754 ], [ 20.462056020048639, 51.186658450271509 ], [ 20.463703113220262, 51.185944117066931 ], [ 20.46397929219685, 51.185824258816723 ], [ 20.464049892077881, 51.185793689977828 ], [ 20.464051302934806, 51.185793042632724 ], [ 20.463187037751474, 51.185010989220707 ] ] ] ] } },
{ "type": "Feature", "properties": { "area_type": "D-STAN", "silvicult": "O", "forest_fun": "OCHR", "rotat_age": 80, "sub_area": 2.82, "prot_categ": "OCH WOD", "adr_for": "16-01-3-09-88    -d   -00", "a_i_num": 1601026346, "site_type": "BMW", "stand_stru": "DRZEW", "species_cd": "ŚW", "part_cd": "5", "spec_age": 25, "a_year": 2025, "nazwa": "BDL_16_01_BARYCZ_2025" }, "geometry": { "type": "MultiPolygon", "coordinates": [ [ [ [ 20.472078796767907, 51.161293992349137 ], [ 20.47199751990868, 51.161329378424135 ], [ 20.471914258039213, 51.161365329158073 ], [ 20.471182816715107, 51.161681101420996 ], [ 20.471066527996609, 51.161731230210734 ], [ 20.471064271377131, 51.161732248107562 ], [ 20.471029415314071, 51.161747349305756 ], [ 20.470848350468643, 51.161825459222236 ], [ 20.469470670729116, 51.162420202702563 ], [ 20.469383735286243, 51.162457727013681 ], [ 20.469307668443143, 51.162490616933567 ], [ 20.469075085431303, 51.162590960642859 ], [ 20.466735950402008, 51.163600655797268 ], [ 20.46631947491948, 51.163758442771751 ], [ 20.466345284636798, 51.163769273705675 ], [ 20.466874270482318, 51.164010198728199 ], [ 20.466778109141416, 51.164171975681597 ], [ 20.467177967186309, 51.164216346163784 ], [ 20.467248223698185, 51.164180562008106 ], [ 20.467359974193091, 51.164140389147107 ], [ 20.4674214499653, 51.163940635786609 ], [ 20.467443753697392, 51.163868031543039 ], [ 20.468945981120029, 51.163287130644441 ], [ 20.469324275901293, 51.16315734036543 ], [ 20.469506984133435, 51.163094684604005 ], [ 20.469708371909189, 51.163025586881503 ], [ 20.469803046505366, 51.162916450242626 ], [ 20.469906690368351, 51.162796945842587 ], [ 20.471294217737686, 51.162250739491142 ], [ 20.47134748473152, 51.162229739392558 ], [ 20.471389145454769, 51.162226156794183 ], [ 20.471613860410031, 51.162206957617919 ], [ 20.471731995152506, 51.16204400048882 ], [ 20.472522921651244, 51.161695811459573 ], [ 20.47234041018077, 51.161530701399563 ], [ 20.472078796767907, 51.161293992349137 ] ] ] ] } },
{ "type": "Feature", "properties": { "area_type": "D-STAN", "silvicult": "GZ", "forest_fun": "GOSP", "rotat_age": 100, "sub_area": 0.7, "prot_categ": null, "adr_for": "16-01-3-10-126   -c   -00", "a_i_num": 1601026348, "site_type": "BMŚW", "stand_stru": "DRZEW", "species_cd": "SO", "part_cd": "9", "spec_age": 25, "a_year": 2025, "nazwa": "BDL_16_01_BARYCZ_2025" }, "geometry": { "type": "MultiPolygon", "coordinates": [ [ [ [ 20.436327300757835, 51.169096503548445 ], [ 20.435880026713647, 51.169285684060398 ], [ 20.434773898496481, 51.169753442365014 ], [ 20.435060883017563, 51.170019248113086 ], [ 20.43539737379583, 51.170330952567845 ], [ 20.435429243772916, 51.170320486460639 ], [ 20.435457571388248, 51.170311143282071 ], [ 20.436333722559759, 51.16978215464912 ], [ 20.436268840466024, 51.169678783033127 ], [ 20.436190244388406, 51.169553090922896 ], [ 20.436176165347771, 51.169463758179809 ], [ 20.436180272548526, 51.169384097227706 ], [ 20.436211150559462, 51.169291064031 ], [ 20.436327300757835, 51.169096503548445 ] ] ] ] } },
{ "type": "Feature", "properties": { "area_type": "D-STAN", "silvicult": "GZ", "forest_fun": "GOSP", "rotat_age": 100, "sub_area": 3.17, "prot_categ": null, "adr_for": "16-01-3-10-178   -f   -00", "a_i_num": 1601026351, "site_type": "BŚW", "stand_stru": "DRZEW", "species_cd": "SO", "part_cd": "9", "spec_age": 24, "a_year": 2025, "nazwa": "BDL_16_01_BARYCZ_2025" }, "geometry": { "type": "MultiPolygon", "coordinates": [ [ [ [ 20.457326024073257, 51.130708337777627 ], [ 20.451187731170442, 51.133366237992227 ], [ 20.451703438556805, 51.133799271995912 ], [ 20.453579689826579, 51.132988128578177 ], [ 20.453634561912477, 51.132964417704223 ], [ 20.454438420069927, 51.132725213820194 ], [ 20.456010679969836, 51.132074874947875 ], [ 20.456279063099611, 51.131912130582265 ], [ 20.4568012295579, 51.131595367689499 ], [ 20.457293491386757, 51.131382514612298 ], [ 20.457330304646984, 51.131366583357298 ], [ 20.457366694806336, 51.131350837276074 ], [ 20.457326024073257, 51.130708337777627 ] ] ] ] } },
{ "type": "Feature", "properties": { "area_type": "D-STAN", "silvicult": "O", "forest_fun": "OCHR", "rotat_age": 100, "sub_area": 1.87, "prot_categ": "OCH WOD", "adr_for": "16-01-3-08-91    -d   -00", "a_i_num": 1601026366, "site_type": "BMW", "stand_stru": "DRZEW", "species_cd": "SO", "part_cd": "6", "spec_age": 10, "a_year": 2025, "nazwa": "BDL_16_01_BARYCZ_2025" }, "geometry": { "type": "MultiPolygon", "coordinates": [ [ [ [ 20.473500469828139, 51.159271424050104 ], [ 20.473397900025706, 51.159316344846019 ], [ 20.472954881396472, 51.159510202689432 ], [ 20.472600745794942, 51.159665158284547 ], [ 20.472340153872253, 51.159779264705371 ], [ 20.471854092341168, 51.159991921206789 ], [ 20.471292965591282, 51.160237454305673 ], [ 20.471035610444751, 51.160350077768996 ], [ 20.471521402826774, 51.160789607805292 ], [ 20.471560586033675, 51.160825097134897 ], [ 20.471592255832874, 51.160853754389585 ], [ 20.471808494145218, 51.161049385994886 ], [ 20.474153002023019, 51.159991303833479 ], [ 20.473500469828139, 51.159271424050104 ] ] ] ] } },
{ "type": "Feature", "properties": { "area_type": "D-STAN", "silvicult": "O", "forest_fun": "OCHR", "rotat_age": 100, "sub_area": 5.28, "prot_categ": "OCH WOD", "adr_for": "16-01-3-10-146   -c   -00", "a_i_num": 1601026367, "site_type": "BMW", "stand_stru": "DRZEW", "species_cd": "SO", "part_cd": "7", "spec_age": 12, "a_year": 2025, "nazwa": "BDL_16_01_BARYCZ_2025" }, "geometry": { "type": "MultiPolygon", "coordinates": [ [ [ [ 20.432961551569427, 51.142697148015564 ], [ 20.431766084369677, 51.143206817059557 ], [ 20.429624197501518, 51.144119894512151 ], [ 20.427012181793291, 51.145233333958622 ], [ 20.426908714185878, 51.145277415365051 ], [ 20.426644189190323, 51.145390208672708 ], [ 20.426878773170859, 51.145600361691919 ], [ 20.426885980560613, 51.145606840515704 ], [ 20.427189696248782, 51.145879028402078 ], [ 20.427218080649272, 51.145904409317041 ], [ 20.427466053735486, 51.146126541773619 ], [ 20.431196306211596, 51.144546125804311 ], [ 20.431862994381628, 51.144263599842695 ], [ 20.433295579682309, 51.143656570525259 ], [ 20.433805987553388, 51.143440267015976 ], [ 20.4333950769262, 51.143078374855151 ], [ 20.433263944674092, 51.142963039624611 ], [ 20.433034321863552, 51.142761204351181 ], [ 20.432961551569427, 51.142697148015564 ] ] ] ] } },
{ "type": "Feature", "properties": { "area_type": "D-STAN", "silvicult": "GPZ", "forest_fun": "GOSP", "rotat_age": 90, "sub_area": 1.27, "prot_categ": null, "adr_for": "16-01-1-01-1     -a   -00", "a_i_num": 1601010052, "site_type": "LMŚW", "stand_stru": "DRZEW", "species_cd": "SO", "part_cd": "10", "spec_age": 55, "a_year": 2025, "nazwa": "BDL_16_01_BARYCZ_2025" }, "geometry": { "type": "MultiPolygon", "coordinates": [ [ [ [ 20.524273364567222, 51.304877714849113 ], [ 20.524048424597034, 51.30519638220202 ], [ 20.524329561220295, 51.305594907741664 ], [ 20.524244030901016, 51.305876498375198 ], [ 20.523931813578177, 51.306203317985755 ], [ 20.524113938579838, 51.306485112724282 ], [ 20.52536519872919, 51.306306721302221 ], [ 20.525819689107703, 51.306345236963828 ], [ 20.526015877052807, 51.306371375608521 ], [ 20.526020078884908, 51.30637258020495 ], [ 20.526085966769887, 51.306290852642086 ], [ 20.525763477952726, 51.306039405535664 ], [ 20.524273364567222, 51.304877714849113 ] ] ] ] } },
{ "type": "Feature", "properties": { "area_type": "D-STAN", "silvicult": "O", "forest_fun": "OCHR", "rotat_age": 90, "sub_area": 2.64, "prot_categ": "OCH WOD", "adr_for": "16-01-1-01-1     -b   -00", "a_i_num": 1601010054, "site_type": "LMW", "stand_stru": "KO", "species_cd": "SO", "part_cd": "9", "spec_age": 80, "a_year": 2025, "nazwa": "BDL_16_01_BARYCZ_2025" }, "geometry": { "type": "MultiPolygon", "coordinates": [ [ [ [ 20.523338087649904, 51.304148574165907 ], [ 20.523202778071298, 51.304244426607163 ], [ 20.523166677731716, 51.304363365923834 ], [ 20.523108356400414, 51.304426642772142 ], [ 20.522851733594141, 51.304495017607671 ], [ 20.522420042640597, 51.304511695799988 ], [ 20.522318930702003, 51.304847460141808 ], [ 20.522181608988923, 51.305303334178262 ], [ 20.522222048931777, 51.305467244682077 ], [ 20.522769644994185, 51.305479104636944 ], [ 20.52281000157388, 51.305480019046961 ], [ 20.52296136768798, 51.30542254860007 ], [ 20.522989995919076, 51.305411651590475 ], [ 20.523384935216374, 51.305454999177172 ], [ 20.523366719678148, 51.305533316406915 ], [ 20.523355695319243, 51.305555768476644 ], [ 20.523305042191328, 51.305659964748415 ], [ 20.523143317193707, 51.305673312930871 ], [ 20.522943625638362, 51.305666915026976 ], [ 20.522571683058239, 51.305655020733845 ], [ 20.522431720232493, 51.305940016419612 ], [ 20.52241386951847, 51.306025075306003 ], [ 20.522393297278825, 51.306123302882696 ], [ 20.522395917114366, 51.306401946837354 ], [ 20.522439654836173, 51.306400928379389 ], [ 20.522441092323394, 51.306400999642776 ], [ 20.522745659951148, 51.306419347767346 ], [ 20.523180650661715, 51.306445443723291 ], [ 20.524033093672166, 51.30649668966916 ], [ 20.52403494960291, 51.306496395649802 ], [ 20.524113938579838, 51.306485112724282 ], [ 20.523931813578177, 51.306203317985755 ], [ 20.524244030901016, 51.305876498375198 ], [ 20.524329561220295, 51.305594907741664 ], [ 20.524048424597034, 51.30519638220202 ], [ 20.524273364567222, 51.304877714849113 ], [ 20.52378988657814, 51.304500802961883 ], [ 20.523338087649904, 51.304148574165907 ] ] ] ] } },
{ "type": "Feature", "properties": { "area_type": "D-STAN", "silvicult": "O", "forest_fun": "OCHR", "rotat_age": 90, "sub_area": 1.41, "prot_categ": "OCH WOD", "adr_for": "16-01-1-01-1     -c   -00", "a_i_num": 1601010056, "site_type": "LMŚW", "stand_stru": "DRZEW", "species_cd": "SO", "part_cd": "10", "spec_age": 55, "a_year": 2025, "nazwa": "BDL_16_01_BARYCZ_2025" }, "geometry": { "type": "MultiPolygon", "coordinates": [ [ [ [ 20.522989995919076, 51.305411651590475 ], [ 20.52296136768798, 51.30542254860007 ], [ 20.52281000157388, 51.305480019046961 ], [ 20.522769644994185, 51.305479104636944 ], [ 20.522222048931777, 51.305467244682077 ], [ 20.522241611914072, 51.305546689752006 ], [ 20.522111667335697, 51.305935002105237 ], [ 20.521871656168759, 51.306085017076143 ], [ 20.521307030900967, 51.306248424944442 ], [ 20.521024999188267, 51.306329989268164 ], [ 20.520876659400852, 51.306396683146424 ], [ 20.520888297880962, 51.305949999536082 ], [ 20.52069007109878, 51.30585335473554 ], [ 20.520020736592606, 51.305870771359778 ], [ 20.519923375865009, 51.305873294593404 ], [ 20.519671698178929, 51.305926665800484 ], [ 20.519631646319979, 51.30605662963832 ], [ 20.519398279088065, 51.306090872236851 ], [ 20.518994953575692, 51.306149987802826 ], [ 20.518976239183406, 51.306191699441527 ], [ 20.518946680124451, 51.306257029790721 ], [ 20.518961469473123, 51.306261605503302 ], [ 20.520314435826108, 51.306685091251261 ], [ 20.520522291092622, 51.30663876446885 ], [ 20.522122863447027, 51.306407835577609 ], [ 20.522395917114366, 51.306401946837354 ], [ 20.522393297278825, 51.306123302882696 ], [ 20.52241386951847, 51.306025075306003 ], [ 20.522431720232493, 51.305940016419612 ], [ 20.522571683058239, 51.305655020733845 ], [ 20.522943625638362, 51.305666915026976 ], [ 20.523143317193707, 51.305673312930871 ], [ 20.523305042191328, 51.305659964748415 ], [ 20.523355695319243, 51.305555768476644 ], [ 20.523366719678148, 51.305533316406915 ], [ 20.523384935216374, 51.305454999177172 ], [ 20.522989995919076, 51.305411651590475 ] ] ] ] } },
{ "type": "Feature", "properties": { "area_type": "D-STAN", "silvicult": "O", "forest_fun": "OCHR", "rotat_age": 90, "sub_area": 6.21, "prot_categ": "OCH WOD", "adr_for": "16-01-1-01-1     -d   -00", "a_i_num": 1601010058, "site_type": "LMW", "stand_stru": "DRZEW", "species_cd": "SO", "part_cd": "6", "spec_age": 74, "a_year": 2025, "nazwa": "BDL_16_01_BARYCZ_2025" }, "geometry": { "type": "MultiPolygon", "coordinates": [ [ [ [ 20.52193691774815, 51.303056040921255 ], [ 20.51827067114008, 51.30442002829782 ], [ 20.518351680810099, 51.304848329007832 ], [ 20.518591660976515, 51.304845036879847 ], [ 20.518855030616521, 51.304941649786635 ], [ 20.518866709252674, 51.305186713318108 ], [ 20.518931700655955, 51.305360021471273 ], [ 20.518966641201711, 51.305774976457073 ], [ 20.51891505959146, 51.306059990649381 ], [ 20.518986904407676, 51.306140916902002 ], [ 20.518994953575692, 51.306149987802826 ], [ 20.519398279088065, 51.306090872236851 ], [ 20.519631646319979, 51.30605662963832 ], [ 20.519671698178929, 51.305926665800484 ], [ 20.519923375865009, 51.305873294593404 ], [ 20.520020736592606, 51.305870771359778 ], [ 20.52069007109878, 51.30585335473554 ], [ 20.520888297880962, 51.305949999536082 ], [ 20.520876659400852, 51.306396683146424 ], [ 20.521024999188267, 51.306329989268164 ], [ 20.521307030900967, 51.306248424944442 ], [ 20.521871656168759, 51.306085017076143 ], [ 20.522111667335697, 51.305935002105237 ], [ 20.522241611914072, 51.305546689752006 ], [ 20.522222048931777, 51.305467244682077 ], [ 20.522181608988923, 51.305303334178262 ], [ 20.522318930702003, 51.304847460141808 ], [ 20.522420042640597, 51.304511695799988 ], [ 20.52225500062767, 51.304346616782006 ], [ 20.521613300986136, 51.304239996324391 ], [ 20.52096500529565, 51.304068331211901 ], [ 20.520980062267082, 51.30389002632468 ], [ 20.521176090568865, 51.303777195875156 ], [ 20.521180035621938, 51.303774985720793 ], [ 20.521240071822206, 51.30365501641122 ], [ 20.521663376115001, 51.303636652442862 ], [ 20.522024961461874, 51.303713361257081 ], [ 20.522083328199614, 51.303551674453395 ], [ 20.522387664285354, 51.303407479182951 ], [ 20.521967998753386, 51.303080284366324 ], [ 20.52193691774815, 51.303056040921255 ] ] ] ] } },
{ "type": "Feature", "properties": { "area_type": "D-STAN", "silvicult": "O", "forest_fun": "OCHR", "rotat_age": 90, "sub_area": 0.81, "prot_categ": "OCH WOD", "adr_for": "16-01-1-01-1     -f   -00", "a_i_num": 1601010060, "site_type": "LMW", "stand_stru": "DRZEW", "species_cd": "ŚW", "part_cd": "5", "spec_age": 35, "a_year": 2025, "nazwa": "BDL_16_01_BARYCZ_2025" }, "geometry": { "type": "MultiPolygon", "coordinates": [ [ [ [ 20.51827067114008, 51.30442002829782 ], [ 20.517705730710055, 51.304630199118471 ], [ 20.518044949238213, 51.304668349946269 ], [ 20.518073374076042, 51.305138351664795 ], [ 20.518153282994149, 51.305455033641458 ], [ 20.518304960703027, 51.305663379695368 ], [ 20.518336619152024, 51.305761648863857 ], [ 20.518291608139897, 51.305906698877969 ], [ 20.518363333938382, 51.305966667738424 ], [ 20.518330996062748, 51.306065227041856 ], [ 20.518482961469832, 51.306112641179197 ], [ 20.518946680124451, 51.306257029790721 ], [ 20.518976239183406, 51.306191699441527 ], [ 20.518994953575692, 51.306149987802826 ], [ 20.518986904407676, 51.306140916902002 ], [ 20.51891505959146, 51.306059990649381 ], [ 20.518966641201711, 51.305774976457073 ], [ 20.518931700655955, 51.305360021471273 ], [ 20.518866709252674, 51.305186713318108 ], [ 20.518855030616521, 51.304941649786635 ], [ 20.518591660976515, 51.304845036879847 ], [ 20.518351680810099, 51.304848329007832 ], [ 20.51827067114008, 51.30442002829782 ] ] ] ] } },
{ "type": "Feature", "properties": { "area_type": "D-STAN", "silvicult": "O", "forest_fun": "OCHR", "rotat_age": 90, "sub_area": 1.24, "prot_categ": "OCH WOD", "adr_for": "16-01-1-01-1     -g   -00", "a_i_num": 1601010062, "site_type": "LMW", "stand_stru": "KDO", "species_cd": "SO", "part_cd": "10", "spec_age": 79, "a_year": 2025, "nazwa": "BDL_16_01_BARYCZ_2025" }, "geometry": { "type": "MultiPolygon", "coordinates": [ [ [ [ 20.517705730710055, 51.304630199118471 ], [ 20.517005962480631, 51.304890509433534 ], [ 20.515891888236709, 51.30530361490856 ], [ 20.515893773802713, 51.305304220175827 ], [ 20.515992953110459, 51.305335139677815 ], [ 20.516032836957983, 51.305347846534339 ], [ 20.517765194834162, 51.305888876266117 ], [ 20.517969938609895, 51.30595269819915 ], [ 20.518330996062748, 51.306065227041856 ], [ 20.518363333938382, 51.305966667738424 ], [ 20.518291608139897, 51.305906698877969 ], [ 20.518336619152024, 51.305761648863857 ], [ 20.518304960703027, 51.305663379695368 ], [ 20.518153282994149, 51.305455033641458 ], [ 20.518073374076042, 51.305138351664795 ], [ 20.518044949238213, 51.304668349946269 ], [ 20.517705730710055, 51.304630199118471 ] ] ] ] } },
{ "type": "Feature", "properties": { "area_type": "D-STAN", "silvicult": "O", "forest_fun": "OCHR", "rotat_age": 90, "sub_area": 1.13, "prot_categ": "OCH WOD", "adr_for": "16-01-1-01-1     -h   -00", "a_i_num": 1601010064, "site_type": "LMW", "stand_stru": "DRZEW", "species_cd": "SO", "part_cd": "9", "spec_age": 53, "a_year": 2025, "nazwa": "BDL_16_01_BARYCZ_2025" }, "geometry": { "type": "MultiPolygon", "coordinates": [ [ [ [ 20.522387664285354, 51.303407479182951 ], [ 20.522083328199614, 51.303551674453395 ], [ 20.522024961461874, 51.303713361257081 ], [ 20.521663376115001, 51.303636652442862 ], [ 20.521240071822206, 51.30365501641122 ], [ 20.521180035621938, 51.303774985720793 ], [ 20.521176090568865, 51.303777195875156 ], [ 20.520980062267082, 51.30389002632468 ], [ 20.52096500529565, 51.304068331211901 ], [ 20.521613300986136, 51.304239996324391 ], [ 20.52225500062767, 51.304346616782006 ], [ 20.522420042640597, 51.304511695799988 ], [ 20.522851733594141, 51.304495017607671 ], [ 20.523108356400414, 51.304426642772142 ], [ 20.523166677731716, 51.304363365923834 ], [ 20.523202778071298, 51.304244426607163 ], [ 20.523338087649904, 51.304148574165907 ], [ 20.523159547762358, 51.304009308965085 ], [ 20.522847994499855, 51.303766437182489 ], [ 20.522387664285354, 51.303407479182951 ] ] ] ] } },
{ "type": "Feature", "properties": { "area_type": "D-STAN", "silvicult": "O", "forest_fun": "OCHR", "rotat_age": 90, "sub_area": 3.31, "prot_categ": "OCH WOD", "adr_for": "16-01-1-01-1     -i   -00", "a_i_num": 1601010066, "site_type": "LMW", "stand_stru": "DRZEW", "species_cd": "SO", "part_cd": "6", "spec_age": 33, "a_year": 2025, "nazwa": "BDL_16_01_BARYCZ_2025" }, "geometry": { "type": "MultiPolygon", "coordinates": [ [ [ [ 20.521249468775682, 51.302520032071925 ], [ 20.519477501244257, 51.303188552453186 ], [ 20.51918270781141, 51.303417712968297 ], [ 20.518326299935406, 51.303705340743882 ], [ 20.517955071072866, 51.303814590862046 ], [ 20.516230200435611, 51.304347519695561 ], [ 20.515891888236709, 51.30530361490856 ], [ 20.517005962480631, 51.304890509433534 ], [ 20.517705730710055, 51.304630199118471 ], [ 20.51827067114008, 51.30442002829782 ], [ 20.52193691774815, 51.303056040921255 ], [ 20.521249468775682, 51.302520032071925 ] ] ] ] } },
{ "type": "Feature", "properties": { "area_type": "D-STAN", "silvicult": "O", "forest_fun": "OCHR", "rotat_age": 90, "sub_area": 2.56, "prot_categ": "OCH WOD", "adr_for": "16-01-1-01-1     -k   -00", "a_i_num": 1601010072, "site_type": "BMW", "stand_stru": "DRZEW", "species_cd": "SO", "part_cd": "10", "spec_age": 45, "a_year": 2025, "nazwa": "BDL_16_01_BARYCZ_2025" }, "geometry": { "type": "MultiPolygon", "coordinates": [ [ [ [ 20.520368490050057, 51.301833070498638 ], [ 20.519073267481758, 51.302085022299345 ], [ 20.518277358434069, 51.302357112472585 ], [ 20.518020501205825, 51.303518602961731 ], [ 20.517955071072866, 51.303814590862046 ], [ 20.518326299935406, 51.303705340743882 ], [ 20.51918270781141, 51.303417712968297 ], [ 20.519477501244257, 51.303188552453186 ], [ 20.521249468775682, 51.302520032071925 ], [ 20.521180092515543, 51.302465971407287 ], [ 20.520368490050057, 51.301833070498638 ] ] ] ] } },
{ "type": "Feature", "properties": { "area_type": "D-STAN", "silvicult": "O", "forest_fun": "OCHR", "rotat_age": 90, "sub_area": 0.86, "prot_categ": "OCH WOD", "adr_for": "16-01-1-01-2     -a   -00", "a_i_num": 1601010077, "site_type": "LMW", "stand_stru": "DRZEW", "species_cd": "SO", "part_cd": "6", "spec_age": 25, "a_year": 2025, "nazwa": "BDL_16_01_BARYCZ_2025" }, "geometry": { "type": "MultiPolygon", "coordinates": [ [ [ [ 20.513588028185577, 51.304371360090521 ], [ 20.514711547931345, 51.305099492219291 ], [ 20.514790293519141, 51.305150556934429 ], [ 20.515540288165365, 51.305194644290879 ], [ 20.51556390417673, 51.305201444988725 ], [ 20.515891888236709, 51.30530361490856 ], [ 20.516230238959846, 51.304348688600548 ], [ 20.516142688663685, 51.304374469739443 ], [ 20.515924484043957, 51.304441882095283 ], [ 20.515700703421558, 51.304505588148579 ], [ 20.51536969598909, 51.304481357115925 ], [ 20.515225988076448, 51.304470893206364 ], [ 20.514528586484705, 51.304428552368627 ], [ 20.513588028185577, 51.304371360090521 ] ] ] ] } },
{ "type": "Feature", "properties": { "area_type": "D-STAN", "silvicult": "O", "forest_fun": "OCHR", "rotat_age": 90, "sub_area": 2.04, "prot_categ": "OCH WOD", "adr_for": "16-01-1-01-2     -b   -00", "a_i_num": 1601010079, "site_type": "LMW", "stand_stru": "DRZEW", "species_cd": "SO", "part_cd": "7", "spec_age": 32, "a_year": 2025, "nazwa": "BDL_16_01_BARYCZ_2025" }, "geometry": { "type": "MultiPolygon", "coordinates": [ [ [ [ 20.509908235025186, 51.304148288932048 ], [ 20.509880689174487, 51.304288432797364 ], [ 20.50987734732588, 51.304304667626745 ], [ 20.509764374315388, 51.30485025661843 ], [ 20.509770126955633, 51.304850632212649 ], [ 20.511286433136441, 51.304942433840175 ], [ 20.511817173652879, 51.304974442404557 ], [ 20.51270883719301, 51.305028232719906 ], [ 20.512893958324909, 51.30503681532096 ], [ 20.514280032607815, 51.305117397434714 ], [ 20.514481673141052, 51.305130801314597 ], [ 20.514502816197048, 51.305132236965328 ], [ 20.514662036151613, 51.305143040831283 ], [ 20.514790293519141, 51.305150556934429 ], [ 20.514711547931345, 51.305099492219291 ], [ 20.513588028185577, 51.304371360090521 ], [ 20.513374494120654, 51.304358378274756 ], [ 20.511310574267824, 51.304235712745829 ], [ 20.511110979190839, 51.30422326652041 ], [ 20.510812159068404, 51.304204544180934 ], [ 20.510401744728131, 51.304165581736299 ], [ 20.509908235025186, 51.304148288932048 ] ] ] ] } },
{ "type": "Feature", "properties": { "area_type": "D-STAN", "silvicult": "O", "forest_fun": "OCHR", "rotat_age": 80, "sub_area": 1.06, "prot_categ": "OCH WOD", "adr_for": "16-01-1-01-2     -f   -00", "a_i_num": 1601010091, "site_type": "LMW", "stand_stru": "DRZEW", "species_cd": "OL", "part_cd": "10", "spec_age": 61, "a_year": 2025, "nazwa": "BDL_16_01_BARYCZ_2025" }, "geometry": { "type": "MultiPolygon", "coordinates": [ [ [ [ 20.510439242317776, 51.301452441841285 ], [ 20.510214117761706, 51.302594164979567 ], [ 20.509908235025186, 51.304148288932048 ], [ 20.510401744728131, 51.304165581736299 ], [ 20.51095564504287, 51.301525388326588 ], [ 20.510439242317776, 51.301452441841285 ] ] ] ] } },
{ "type": "Feature", "properties": { "area_type": "D-STAN", "silvicult": "O", "forest_fun": "OCHR", "rotat_age": 90, "sub_area": 4.83, "prot_categ": "OCH WOD", "adr_for": "16-01-1-01-2     -g   -00", "a_i_num": 1601010095, "site_type": "LMŚW", "stand_stru": "KO", "species_cd": "SO", "part_cd": "6", "spec_age": 64, "a_year": 2025, "nazwa": "BDL_16_01_BARYCZ_2025" }, "geometry": { "type": "MultiPolygon", "coordinates": [ [ [ [ 20.510799039726209, 51.299596633370854 ], [ 20.510788820723779, 51.29964812905812 ], [ 20.510757508165465, 51.299835098020871 ], [ 20.510727853609602, 51.299985164372117 ], [ 20.51051636270596, 51.301060956037702 ], [ 20.511435517140605, 51.301032272930492 ], [ 20.512070324951591, 51.300564500746056 ], [ 20.512438246270822, 51.300595100671806 ], [ 20.51252918603986, 51.300602741426623 ], [ 20.512596669282907, 51.300608346337278 ], [ 20.512888324078599, 51.30067168392489 ], [ 20.5130099530815, 51.300670022293708 ], [ 20.513577069313481, 51.300840891618151 ], [ 20.51363504058169, 51.300858312937187 ], [ 20.513980010359656, 51.301041677057533 ], [ 20.5143699382457, 51.301064969945493 ], [ 20.514591688525407, 51.300996704933979 ], [ 20.514700063741699, 51.300914973873894 ], [ 20.514912870592912, 51.30065792016557 ], [ 20.514943372507073, 51.300595007349884 ], [ 20.515394506084146, 51.300581523183233 ], [ 20.515770919998019, 51.300495242184802 ], [ 20.516081247722852, 51.300424028479028 ], [ 20.516690932757562, 51.30036242961404 ], [ 20.517107258667707, 51.300320424467742 ], [ 20.517511286952885, 51.299949074940727 ], [ 20.516970386659697, 51.299920642313104 ], [ 20.510799039726209, 51.299596633370854 ] ] ] ] } },
{ "type": "Feature", "properties": { "area_type": "D-STAN", "silvicult": "O", "forest_fun": "OCHR", "rotat_age": 90, "sub_area": 2.22, "prot_categ": "OCH WOD", "adr_for": "16-01-1-01-3     -a   -00", "a_i_num": 1601010098, "site_type": "LMWYŻW", "stand_stru": "DRZEW", "species_cd": "SO", "part_cd": "3", "spec_age": 33, "a_year": 2025, "nazwa": "BDL_16_01_BARYCZ_2025" }, "geometry": { "type": "MultiPolygon", "coordinates": [ [ [ [ 20.504548357044147, 51.303816539522501 ], [ 20.504411630509953, 51.304510942439116 ], [ 20.50513759175821, 51.304553606071394 ], [ 20.505561034119228, 51.304582884319878 ], [ 20.505658780103033, 51.304583426506376 ], [ 20.505676327671939, 51.304584640122052 ], [ 20.506316919707217, 51.304627764533102 ], [ 20.506579975646051, 51.304645519272185 ], [ 20.50698627880562, 51.304672854005041 ], [ 20.507036152038829, 51.304675180583061 ], [ 20.50712439626464, 51.304679172143004 ], [ 20.507134174211853, 51.304679765916113 ], [ 20.507707127724654, 51.304717006785729 ], [ 20.507856118849748, 51.304726692252352 ], [ 20.508299207718149, 51.304755437739004 ], [ 20.509201784223329, 51.304814061628875 ], [ 20.50930878318735, 51.304821048150878 ], [ 20.509680541027642, 51.304845130724836 ], [ 20.509723254005504, 51.304847908296459 ], [ 20.509764374315388, 51.30485025661843 ], [ 20.50987734732588, 51.304304667626745 ], [ 20.509880689174487, 51.304288432797364 ], [ 20.509908235025186, 51.304148288932048 ], [ 20.509837052717454, 51.304143809600497 ], [ 20.507196890892381, 51.303979026080434 ], [ 20.505168681667325, 51.303854623310194 ], [ 20.504709405752415, 51.30382643385758 ], [ 20.504548357044147, 51.303816539522501 ] ], [ [ 20.508970673105484, 51.304343971828288 ], [ 20.509472240476001, 51.304370609893816 ], [ 20.509419388924194, 51.304723641353675 ], [ 20.508481079176509, 51.304682480834209 ], [ 20.508465816496077, 51.304396443620718 ], [ 20.508760863502424, 51.304365745829976 ], [ 20.508970673105484, 51.304343971828288 ] ] ] ] } },
{ "type": "Feature", "properties": { "area_type": "D-STAN", "silvicult": "O", "forest_fun": "OCHR", "rotat_age": 90, "sub_area": 1.48, "prot_categ": "OCH WOD", "adr_for": "16-01-1-01-3     -c   -00", "a_i_num": 1601010100, "site_type": "LMWYŻW", "stand_stru": "DRZEW", "species_cd": "SO", "part_cd": "5", "spec_age": 64, "a_year": 2025, "nazwa": "BDL_16_01_BARYCZ_2025" }, "geometry": { "type": "MultiPolygon", "coordinates": [ [ [ [ 20.509413346927236, 51.302299996190698 ], [ 20.509298329665754, 51.302433351602168 ], [ 20.509319880593896, 51.30260911398166 ], [ 20.509330508259911, 51.302696862142412 ], [ 20.508884022902862, 51.302804624776016 ], [ 20.508317988104398, 51.302942711111982 ], [ 20.508180039847687, 51.302976421793922 ], [ 20.508575601861434, 51.303048596492459 ], [ 20.508829973704007, 51.303094973477357 ], [ 20.509128281343983, 51.303133317441677 ], [ 20.509380969412923, 51.303150209991685 ], [ 20.509373273992868, 51.303234955998711 ], [ 20.509573352408395, 51.303301641256084 ], [ 20.509794645370498, 51.303319477408131 ], [ 20.509704367211963, 51.303751971361734 ], [ 20.509283866882573, 51.30387784099711 ], [ 20.509281957709032, 51.303793398720011 ], [ 20.509202512301638, 51.303790734645823 ], [ 20.508906970000091, 51.303583061629659 ], [ 20.508575288238518, 51.303524817472983 ], [ 20.508250038992788, 51.303583969549884 ], [ 20.508147887627242, 51.303470863772219 ], [ 20.507877953105947, 51.303549541983848 ], [ 20.507770396714278, 51.303617403136613 ], [ 20.507196890892381, 51.303979026080434 ], [ 20.509837052717454, 51.304143809600497 ], [ 20.509908235025186, 51.304148288932048 ], [ 20.510214117761706, 51.302594164979567 ], [ 20.510140581389209, 51.30260096046986 ], [ 20.509876048125925, 51.302625331348274 ], [ 20.509835133927506, 51.302563610704134 ], [ 20.509693377444123, 51.302349998488666 ], [ 20.509413346927236, 51.302299996190698 ] ] ] ] } },
{ "type": "Feature", "properties": { "area_type": "D-STAN", "silvicult": "O", "forest_fun": "OCHR", "rotat_age": 80, "sub_area": 1.39, "prot_categ": "OCH WOD", "adr_for": "16-01-1-01-3     -f   -00", "a_i_num": 1601010102, "site_type": "LMWYŻW", "stand_stru": "DRZEW", "species_cd": "BRZ", "part_cd": "7", "spec_age": 64, "a_year": 2025, "nazwa": "BDL_16_01_BARYCZ_2025" }, "geometry": { "type": "MultiPolygon", "coordinates": [ [ [ [ 20.50761329730398, 51.301656627847699 ], [ 20.507521963448486, 51.301702690941489 ], [ 20.50738827566343, 51.301769988689017 ], [ 20.507166604590676, 51.301766635498439 ], [ 20.506993291854691, 51.301951653034706 ], [ 20.506918327819882, 51.302019993477607 ], [ 20.506885072642657, 51.302524973948366 ], [ 20.507074990124362, 51.302741657724972 ], [ 20.507165056637458, 51.303046702090469 ], [ 20.507581669277752, 51.303288352521051 ], [ 20.507770396714278, 51.303617403136613 ], [ 20.507877953105947, 51.303549541983848 ], [ 20.508147887627242, 51.303470863772219 ], [ 20.507980354668483, 51.30328501754515 ], [ 20.508303799326651, 51.303227778489081 ], [ 20.508413862098696, 51.303284560909439 ], [ 20.509546967570426, 51.303450945408414 ], [ 20.509367662300992, 51.303785637333462 ], [ 20.509362266737771, 51.303796141561534 ], [ 20.509281957709032, 51.303793398720011 ], [ 20.509283866882573, 51.30387784099711 ], [ 20.509704367211963, 51.303751971361734 ], [ 20.509794645370498, 51.303319477408131 ], [ 20.509573352408395, 51.303301641256084 ], [ 20.509373273992868, 51.303234955998711 ], [ 20.509380969412923, 51.303150209991685 ], [ 20.509128281343983, 51.303133317441677 ], [ 20.508829973704007, 51.303094973477357 ], [ 20.508575601861434, 51.303048596492459 ], [ 20.508180039847687, 51.302976421793922 ], [ 20.507688331364463, 51.302886683449657 ], [ 20.507636651176892, 51.302623333664528 ], [ 20.507675062617434, 51.302341642572294 ], [ 20.507775074650439, 51.302175019081936 ], [ 20.50789995050242, 51.301724989730651 ], [ 20.50761329730398, 51.301656627847699 ] ] ] ] } },
{ "type": "Feature", "properties": { "area_type": "D-STAN", "silvicult": "O", "forest_fun": "OCHR", "rotat_age": 90, "sub_area": 5.35, "prot_categ": "OCH WOD", "adr_for": "16-01-1-01-3     -h   -00", "a_i_num": 1601010106, "site_type": "LMWYŻ", "stand_stru": "KO", "species_cd": "SO", "part_cd": "7", "spec_age": 64, "a_year": 2025, "nazwa": "BDL_16_01_BARYCZ_2025" }, "geometry": { "type": "MultiPolygon", "coordinates": [ [ [ [ 20.508258790285858, 51.299779877508236 ], [ 20.507933028447571, 51.301547713955443 ], [ 20.507924856247595, 51.301591716808396 ], [ 20.50789995050242, 51.301724989730651 ], [ 20.507775074650439, 51.302175019081936 ], [ 20.507675062617434, 51.302341642572294 ], [ 20.507636651176892, 51.302623333664528 ], [ 20.507688331364463, 51.302886683449657 ], [ 20.508180039847687, 51.302976421793922 ], [ 20.508317988104398, 51.302942711111982 ], [ 20.508884022902862, 51.302804624776016 ], [ 20.509330508259911, 51.302696862142412 ], [ 20.509319880593896, 51.30260911398166 ], [ 20.509298329665754, 51.302433351602168 ], [ 20.509413346927236, 51.302299996190698 ], [ 20.509693377444123, 51.302349998488666 ], [ 20.509835133927506, 51.302563610704134 ], [ 20.509876048125925, 51.302625331348274 ], [ 20.510140581389209, 51.30260096046986 ], [ 20.510214117761706, 51.302594164979567 ], [ 20.510439242317776, 51.301452441841285 ], [ 20.51051636270596, 51.301060956037702 ], [ 20.510727853609602, 51.299985164372117 ], [ 20.510757508165465, 51.299835098020871 ], [ 20.51068556634608, 51.299833507565786 ], [ 20.510664745168597, 51.299833056578784 ], [ 20.508258790285858, 51.299779877508236 ] ] ] ] } },
{ "type": "Feature", "properties": { "area_type": "D-STAN", "silvicult": "O", "forest_fun": "OCHR", "rotat_age": 140, "sub_area": 1.22, "prot_categ": "OCH WOD", "adr_for": "16-01-1-01-3     -j   -00", "a_i_num": 1601010110, "site_type": "LMWYŻ", "stand_stru": "DRZEW", "species_cd": "DB", "part_cd": "3", "spec_age": 63, "a_year": 2025, "nazwa": "BDL_16_01_BARYCZ_2025" }, "geometry": { "type": "MultiPolygon", "coordinates": [ [ [ [ 20.505446214073682, 51.299315300501014 ], [ 20.505421221605875, 51.299384706610496 ], [ 20.505374615735992, 51.299622424888049 ], [ 20.506220259939017, 51.299680903775965 ], [ 20.506423042613388, 51.299694936415321 ], [ 20.5068319160663, 51.299723227929711 ], [ 20.506836947942318, 51.299723522987279 ], [ 20.508258790285858, 51.299779877508236 ], [ 20.510664745168597, 51.299833056578784 ], [ 20.51068556634608, 51.299833507565786 ], [ 20.510757508165465, 51.299835098020871 ], [ 20.510788820723779, 51.29964812905812 ], [ 20.510799039726209, 51.299596633370854 ], [ 20.510726450752454, 51.299592802439193 ], [ 20.506742010138996, 51.299383368872064 ], [ 20.505446214073682, 51.299315300501014 ] ] ] ] } },
{ "type": "Feature", "properties": { "area_type": "D-STAN", "silvicult": "O", "forest_fun": "OCHR", "rotat_age": 90, "sub_area": 2.56, "prot_categ": "OCH WOD", "adr_for": "16-01-1-01-4     -a   -00", "a_i_num": 1601010113, "site_type": "BMŚW", "stand_stru": "DRZEW", "species_cd": "SO", "part_cd": "9", "spec_age": 33, "a_year": 2025, "nazwa": "BDL_16_01_BARYCZ_2025" }, "geometry": { "type": "MultiPolygon", "coordinates": [ [ [ [ 20.499130874633199, 51.303462884024498 ], [ 20.498986216250032, 51.304180589957348 ], [ 20.499025467768575, 51.304182876017563 ], [ 20.499218148061143, 51.304194621788007 ], [ 20.499652119651131, 51.304221357804927 ], [ 20.500249155209367, 51.304258146778018 ], [ 20.500492730328702, 51.304272746532149 ], [ 20.504164598582232, 51.304496035420613 ], [ 20.504199684764991, 51.304498193349637 ], [ 20.50438273308777, 51.304509334736842 ], [ 20.504411630509953, 51.304510942439116 ], [ 20.504548357044147, 51.303816539522501 ], [ 20.504470541983242, 51.303811062712718 ], [ 20.501567427565746, 51.303612649654525 ], [ 20.501220165670862, 51.303591195786993 ], [ 20.500807332403486, 51.303565633922254 ], [ 20.500010859502066, 51.303516380683355 ], [ 20.499687325776261, 51.303496417369487 ], [ 20.49934452106087, 51.303475170718102 ], [ 20.499272922080362, 51.303471050122852 ], [ 20.499130874633199, 51.303462884024498 ] ] ] ] } },
{ "type": "Feature", "properties": { "area_type": "D-STAN", "silvicult": "O", "forest_fun": "OCHR", "rotat_age": 60, "sub_area": 0.94, "prot_categ": "OCH WOD", "adr_for": "16-01-1-01-4     -b   -00", "a_i_num": 1601010115, "site_type": "LMW", "stand_stru": "DRZEW", "species_cd": "OL", "part_cd": "4", "spec_age": 52, "a_year": 2025, "nazwa": "BDL_16_01_BARYCZ_2025" }, "geometry": { "type": "MultiPolygon", "coordinates": [ [ [ [ 20.501261312290634, 51.303018290783399 ], [ 20.501259972408153, 51.3030300019864 ], [ 20.50122172597543, 51.303230010392141 ], [ 20.501220352196032, 51.303539739697435 ], [ 20.501220165670862, 51.303591195786993 ], [ 20.501567427565746, 51.303612649654525 ], [ 20.504470541983242, 51.303811062712718 ], [ 20.503351375189148, 51.303412188834692 ], [ 20.503310140818467, 51.303397516027893 ], [ 20.502751147577044, 51.303198337191702 ], [ 20.502250218289635, 51.303124796159793 ], [ 20.502161087382611, 51.303119912775173 ], [ 20.501552942419533, 51.303098478309231 ], [ 20.501534821745206, 51.303097271427781 ], [ 20.50144134367385, 51.303091093933716 ], [ 20.501261312290634, 51.303018290783399 ] ] ] ] } },
{ "type": "Feature", "properties": { "area_type": "D-STAN", "silvicult": "O", "forest_fun": "OCHR", "rotat_age": 90, "sub_area": 1.15, "prot_categ": "OCH WOD", "adr_for": "16-01-1-01-4     -c   -00", "a_i_num": 1601010117, "site_type": "BMŚW", "stand_stru": "DRZEW", "species_cd": "SO", "part_cd": "10", "spec_age": 64, "a_year": 2025, "nazwa": "BDL_16_01_BARYCZ_2025" }, "geometry": { "type": "MultiPolygon", "coordinates": [ [ [ [ 20.499282477301623, 51.302711805904543 ], [ 20.499270860300985, 51.302769255364261 ], [ 20.49914656636388, 51.303385142764881 ], [ 20.499130874633199, 51.303462884024498 ], [ 20.499272922080362, 51.303471050122852 ], [ 20.49934452106087, 51.303475170718102 ], [ 20.499687325776261, 51.303496417369487 ], [ 20.500010859502066, 51.303516380683355 ], [ 20.500807332403486, 51.303565633922254 ], [ 20.501220165670862, 51.303591195786993 ], [ 20.501220352196032, 51.303539739697435 ], [ 20.50122172597543, 51.303230010392141 ], [ 20.501259972408153, 51.3030300019864 ], [ 20.501261312290634, 51.303018290783399 ], [ 20.501232227805762, 51.303006519901331 ], [ 20.501201981130748, 51.302994314142715 ], [ 20.500743531756193, 51.302810747980544 ], [ 20.500258126888543, 51.302777388824438 ], [ 20.499674778343302, 51.302737276279728 ], [ 20.499476735196207, 51.302723710931176 ], [ 20.499282477301623, 51.302711805904543 ] ] ] ] } },
{ "type": "Feature", "properties": { "area_type": "D-STAN", "silvicult": "O", "forest_fun": "OCHR", "rotat_age": 100, "sub_area": 0.92, "prot_categ": "OCH WOD", "adr_for": "16-01-1-01-4     -d   -00", "a_i_num": 1601010119, "site_type": "LMWYŻW", "stand_stru": "DRZEW", "species_cd": "MD", "part_cd": "8", "spec_age": 55, "a_year": 2025, "nazwa": "BDL_16_01_BARYCZ_2025" }, "geometry": { "type": "MultiPolygon", "coordinates": [ [ [ [ 20.50349146783077, 51.302583262562841 ], [ 20.502161087382611, 51.303119912775173 ], [ 20.502250218289635, 51.303124796159793 ], [ 20.502751147577044, 51.303198337191702 ], [ 20.503310140818467, 51.303397516027893 ], [ 20.503351375189148, 51.303412188834692 ], [ 20.504470541983242, 51.303811062712718 ], [ 20.504548357044147, 51.303816539522501 ], [ 20.504560300974976, 51.303756116835174 ], [ 20.504592154037432, 51.303593610330907 ], [ 20.504231481256021, 51.303535096748512 ], [ 20.504176314208181, 51.302874823118785 ], [ 20.50349146783077, 51.302583262562841 ] ] ] ] } },
{ "type": "Feature", "properties": { "area_type": "D-STAN", "silvicult": "O", "forest_fun": "OCHR", "rotat_age": 90, "sub_area": 1.04, "prot_categ": "OCH WOD", "adr_for": "16-01-1-01-4     -g   -00", "a_i_num": 1601010125, "site_type": "LMWYŻW", "stand_stru": "DRZEW", "species_cd": "SO", "part_cd": "4", "spec_age": 54, "a_year": 2025, "nazwa": "BDL_16_01_BARYCZ_2025" }, "geometry": { "type": "MultiPolygon", "coordinates": [ [ [ [ 20.501399890036229, 51.301534970885449 ], [ 20.501308476748399, 51.301578781271672 ], [ 20.501136524208466, 51.301661045078134 ], [ 20.500823293516003, 51.301793784776542 ], [ 20.500500075645384, 51.301818346956892 ], [ 20.500373328628534, 51.301869985645574 ], [ 20.500351643574831, 51.302208310774084 ], [ 20.500521633919863, 51.302254977416894 ], [ 20.500475090459322, 51.302433862771757 ], [ 20.500243044980223, 51.302548109361844 ], [ 20.499515313048565, 51.302502829535676 ], [ 20.499327440576671, 51.302488683913317 ], [ 20.499282477301623, 51.302711805904543 ], [ 20.499476735196207, 51.302723710931176 ], [ 20.499674778343302, 51.302737276279728 ], [ 20.500258126888543, 51.302777388824438 ], [ 20.500743531756193, 51.302810747980544 ], [ 20.501201981130748, 51.302994314142715 ], [ 20.501232227805762, 51.303006519901331 ], [ 20.501261312290634, 51.303018290783399 ], [ 20.501271849744111, 51.30292343408393 ], [ 20.501380887899874, 51.301946484445615 ], [ 20.501539771473279, 51.301727567783821 ], [ 20.501399890036229, 51.301534970885449 ] ] ] ] } },
{ "type": "Feature", "properties": { "area_type": "D-STAN", "silvicult": "O", "forest_fun": "OCHR", "rotat_age": 90, "sub_area": 2.14, "prot_categ": "OCH WOD", "adr_for": "16-01-1-01-4     -h   -00", "a_i_num": 1601010127, "site_type": "BMŚW", "stand_stru": "DRZEW", "species_cd": "SO", "part_cd": "10", "spec_age": 64, "a_year": 2025, "nazwa": "BDL_16_01_BARYCZ_2025" }, "geometry": { "type": "MultiPolygon", "coordinates": [ [ [ [ 20.499906692940424, 51.299616858409763 ], [ 20.499345104397918, 51.302401022416738 ], [ 20.499327440576671, 51.302488683913317 ], [ 20.499515313048565, 51.302502829535676 ], [ 20.500243044980223, 51.302548109361844 ], [ 20.500475090459322, 51.302433862771757 ], [ 20.500521633919863, 51.302254977416894 ], [ 20.500351643574831, 51.302208310774084 ], [ 20.500373328628534, 51.301869985645574 ], [ 20.500500075645384, 51.301818346956892 ], [ 20.500823293516003, 51.301793784776542 ], [ 20.500385677153918, 51.301293761743395 ], [ 20.50034585053892, 51.300943721180637 ], [ 20.500634460058453, 51.300535769017969 ], [ 20.500800132985837, 51.300071911329667 ], [ 20.501188978602872, 51.299807408914106 ], [ 20.50129440184439, 51.2997357130983 ], [ 20.501215366233488, 51.299670610254161 ], [ 20.501152109220097, 51.299618528306397 ], [ 20.50076568056884, 51.299798712672548 ], [ 20.500018269170997, 51.299641425727451 ], [ 20.499906692940424, 51.299616858409763 ] ] ] ] } },
{ "type": "Feature", "properties": { "area_type": "D-STAN", "silvicult": "O", "forest_fun": "OCHR", "rotat_age": 90, "sub_area": 3.25, "prot_categ": "OCH WOD", "adr_for": "16-01-1-01-4     -i   -00", "a_i_num": 1601010129, "site_type": "BMŚW", "stand_stru": "DRZEW", "species_cd": "SO", "part_cd": "6", "spec_age": 64, "a_year": 2025, "nazwa": "BDL_16_01_BARYCZ_2025" }, "geometry": { "type": "MultiPolygon", "coordinates": [ [ [ [ 20.501870603693895, 51.299127160252056 ], [ 20.501858807347066, 51.299196576214527 ], [ 20.501857800401925, 51.299196499176794 ], [ 20.501848593822555, 51.299257336279524 ], [ 20.501290504984944, 51.299282034702969 ], [ 20.501231900639816, 51.299284585219013 ], [ 20.501152109220097, 51.299618528306397 ], [ 20.501215366233488, 51.299670610254161 ], [ 20.50129440184439, 51.2997357130983 ], [ 20.501188978602872, 51.299807408914106 ], [ 20.500800132985837, 51.300071911329667 ], [ 20.500634460058453, 51.300535769017969 ], [ 20.50034585053892, 51.300943721180637 ], [ 20.500385677153918, 51.301293761743395 ], [ 20.500823293516003, 51.301793784776542 ], [ 20.501136524208466, 51.301661045078134 ], [ 20.501308476748399, 51.301578781271672 ], [ 20.501399890036229, 51.301534970885449 ], [ 20.50174821894117, 51.301233475418343 ], [ 20.502371135518306, 51.30127297989776 ], [ 20.502379915427987, 51.300135577942228 ], [ 20.503067809226415, 51.29982333398614 ], [ 20.503018811461608, 51.299614819729868 ], [ 20.503202331906834, 51.29926766966183 ], [ 20.503202905627575, 51.299267662295968 ], [ 20.503239124178702, 51.2991991919911 ], [ 20.501870603693895, 51.299127160252056 ] ] ] ] } },
{ "type": "Feature", "properties": { "area_type": "D-STAN", "silvicult": "O", "forest_fun": "OCHR", "rotat_age": 100, "sub_area": 2.43, "prot_categ": "OCH WOD", "adr_for": "16-01-1-01-4     -j   -00", "a_i_num": 1601010131, "site_type": "LMWYŻ", "stand_stru": "KO", "species_cd": "MD", "part_cd": "7", "spec_age": 64, "a_year": 2025, "nazwa": "BDL_16_01_BARYCZ_2025" }, "geometry": { "type": "MultiPolygon", "coordinates": [ [ [ [ 20.503239124178702, 51.2991991919911 ], [ 20.503202905627575, 51.299267662295968 ], [ 20.503202331906834, 51.29926766966183 ], [ 20.503018811461608, 51.299614819729868 ], [ 20.503067809226415, 51.29982333398614 ], [ 20.503156619523352, 51.300025040313137 ], [ 20.503181641064902, 51.30007500341074 ], [ 20.503841686673539, 51.300504603968371 ], [ 20.50409310936783, 51.301159298563569 ], [ 20.505043616503116, 51.301303694389112 ], [ 20.505374615735992, 51.299622424888049 ], [ 20.505421221605875, 51.299384706610496 ], [ 20.505446214073682, 51.299315300501014 ], [ 20.503239124178702, 51.2991991919911 ] ] ] ] } },
{ "type": "Feature", "properties": { "area_type": "D-STAN", "silvicult": "O", "forest_fun": "OCHR", "rotat_age": 80, "sub_area": 0.7, "prot_categ": "OCH WOD", "adr_for": "16-01-1-01-4     -k   -00", "a_i_num": 1601010133, "site_type": "LMWYŻ", "stand_stru": "DRZEW", "species_cd": "OL", "part_cd": "7", "spec_age": 54, "a_year": 2025, "nazwa": "BDL_16_01_BARYCZ_2025" }, "geometry": { "type": "MultiPolygon", "coordinates": [ [ [ [ 20.50002490094144, 51.299030552644112 ], [ 20.499906692940424, 51.299616858409763 ], [ 20.500018269170997, 51.299641425727451 ], [ 20.50076568056884, 51.299798712672548 ], [ 20.501152109220097, 51.299618528306397 ], [ 20.501231900639816, 51.299284585219013 ], [ 20.501290504984944, 51.299282034702969 ], [ 20.501848593822555, 51.299257336279524 ], [ 20.501857800401925, 51.299196499176794 ], [ 20.501858807347066, 51.299196576214527 ], [ 20.501870603693895, 51.299127160252056 ], [ 20.501325986185112, 51.299098523187091 ], [ 20.500130389363498, 51.299035677811744 ], [ 20.50002490094144, 51.299030552644112 ] ] ] ] } },
{ "type": "Feature", "properties": { "area_type": "D-STAN", "silvicult": "O", "forest_fun": "OCHR", "rotat_age": 90, "sub_area": 2.66, "prot_categ": "OCH WOD", "adr_for": "16-01-1-01-5     -a   -00", "a_i_num": 1601010136, "site_type": "LMW", "stand_stru": "DRZEW", "species_cd": "SO", "part_cd": "7", "spec_age": 33, "a_year": 2025, "nazwa": "BDL_16_01_BARYCZ_2025" }, "geometry": { "type": "MultiPolygon", "coordinates": [ [ [ [ 20.493526162428523, 51.303152025730938 ], [ 20.493351969025184, 51.30385112079324 ], [ 20.493388907387434, 51.303852898519743 ], [ 20.493434332364949, 51.303855287621175 ], [ 20.493467113743396, 51.303857208298474 ], [ 20.496998287351925, 51.304063176081989 ], [ 20.498986216250032, 51.304180589957348 ], [ 20.499130874633199, 51.303462884024498 ], [ 20.495825552698683, 51.303272806041392 ], [ 20.49415086142325, 51.303188402906677 ], [ 20.493526162428523, 51.303152025730938 ] ] ] ] } },
{ "type": "Feature", "properties": { "area_type": "D-STAN", "silvicult": "O", "forest_fun": "OCHR", "rotat_age": 80, "sub_area": 2.19, "prot_categ": "OCH WOD", "adr_for": "16-01-1-01-5     -b   -00", "a_i_num": 1601010138, "site_type": "LMW", "stand_stru": "DRZEW", "species_cd": "BRZ", "part_cd": "5", "spec_age": 61, "a_year": 2025, "nazwa": "BDL_16_01_BARYCZ_2025" }, "geometry": { "type": "MultiPolygon", "coordinates": [ [ [ [ 20.49821169164624, 51.301496110839828 ], [ 20.498146246615555, 51.301592749278818 ], [ 20.497222358733016, 51.30295819486264 ], [ 20.497200865378659, 51.30299004355274 ], [ 20.496635371167343, 51.302929717770411 ], [ 20.496538812012368, 51.303208190150727 ], [ 20.49587167715892, 51.303133417794427 ], [ 20.495825552698683, 51.303272806041392 ], [ 20.499130874633199, 51.303462884024498 ], [ 20.49914656636388, 51.303385142764881 ], [ 20.499270860300985, 51.302769255364261 ], [ 20.499282477301623, 51.302711805904543 ], [ 20.499327440576671, 51.302488683913317 ], [ 20.499345104397918, 51.302401022416738 ], [ 20.498919660713977, 51.302146592500506 ], [ 20.49821169164624, 51.301496110839828 ] ] ] ] } },
{ "type": "Feature", "properties": { "area_type": "D-STAN", "silvicult": "O", "forest_fun": "OCHR", "rotat_age": 100, "sub_area": 11.82, "prot_categ": "OCH WOD", "adr_for": "16-01-1-01-5     -c   -00", "a_i_num": 1601010140, "site_type": "LMWYŻ", "stand_stru": "KO", "species_cd": "MD", "part_cd": "5", "spec_age": 64, "a_year": 2025, "nazwa": "BDL_16_01_BARYCZ_2025" }, "geometry": { "type": "MultiPolygon", "coordinates": [ [ [ [ 20.498455942491308, 51.298954302235629 ], [ 20.498449064438081, 51.299020686403594 ], [ 20.498449638156988, 51.299020679061051 ], [ 20.498434755100284, 51.299158499243298 ], [ 20.497805339422673, 51.299196057756049 ], [ 20.497770060898482, 51.29932892141592 ], [ 20.497034449792654, 51.299414700262076 ], [ 20.496934183384376, 51.299252535737693 ], [ 20.495965993802709, 51.299352165633444 ], [ 20.495943231600567, 51.29943323518124 ], [ 20.495574134326816, 51.299476180907952 ], [ 20.495454065311893, 51.29930500282348 ], [ 20.494613014671994, 51.299294513005108 ], [ 20.494743442953343, 51.299378304288801 ], [ 20.494695852259408, 51.299971708804897 ], [ 20.49491869775327, 51.300453176136202 ], [ 20.495220101593279, 51.300676011567425 ], [ 20.495085548847747, 51.301088099937189 ], [ 20.494930903895657, 51.301045277438313 ], [ 20.494426426116604, 51.300905542229025 ], [ 20.494143177638655, 51.301095901641624 ], [ 20.493927523708741, 51.302201399278175 ], [ 20.494275654227156, 51.302285381649291 ], [ 20.49415086142325, 51.303188402906677 ], [ 20.495825552698683, 51.303272806041392 ], [ 20.49587167715892, 51.303133417794427 ], [ 20.496538812012368, 51.303208190150727 ], [ 20.496635371167343, 51.302929717770411 ], [ 20.497200865378659, 51.30299004355274 ], [ 20.497222358733016, 51.30295819486264 ], [ 20.498146246615555, 51.301592749278818 ], [ 20.49821169164624, 51.301496110839828 ], [ 20.498344076710815, 51.301300295999539 ], [ 20.498581317300914, 51.300825720758091 ], [ 20.498584791899404, 51.300822258033016 ], [ 20.498866089307054, 51.300546186549418 ], [ 20.498736519246091, 51.300105811015428 ], [ 20.498879240790277, 51.299663658947274 ], [ 20.499676893169227, 51.299566279380507 ], [ 20.499906692940424, 51.299616858409763 ], [ 20.50002490094144, 51.299030552644112 ], [ 20.498455942491308, 51.298954302235629 ] ] ] ] } },
{ "type": "Feature", "properties": { "area_type": "D-STAN", "silvicult": "O", "forest_fun": "OCHR", "rotat_age": 0, "sub_area": 0.53, "prot_categ": "OCH WOD", "adr_for": "16-01-1-01-5     -d   -00", "a_i_num": 1601010142, "site_type": "BMW", "stand_stru": "DRZEW", "species_cd": "SO", "part_cd": "7", "spec_age": 5, "a_year": 2025, "nazwa": "BDL_16_01_BARYCZ_2025" }, "geometry": { "type": "MultiPolygon", "coordinates": [ [ [ [ 20.494143177638655, 51.301095901641624 ], [ 20.494030176284252, 51.301129097373199 ], [ 20.49402737980034, 51.30114019739738 ], [ 20.493880630798458, 51.301729469353837 ], [ 20.493526162428523, 51.303152025730938 ], [ 20.49415086142325, 51.303188402906677 ], [ 20.494275654227156, 51.302285381649291 ], [ 20.493927523708741, 51.302201399278175 ], [ 20.494143177638655, 51.301095901641624 ] ] ] ] } },
{ "type": "Feature", "properties": { "area_type": "D-STAN", "silvicult": "O", "forest_fun": "OCHR", "rotat_age": 90, "sub_area": 1.74, "prot_categ": "OCH WOD", "adr_for": "16-01-1-01-5     -f   -00", "a_i_num": 1601010144, "site_type": "BMŚW", "stand_stru": "DRZEW", "species_cd": "SO", "part_cd": "10", "spec_age": 64, "a_year": 2025, "nazwa": "BDL_16_01_BARYCZ_2025" }, "geometry": { "type": "MultiPolygon", "coordinates": [ [ [ [ 20.499676893169227, 51.299566279380507 ], [ 20.498879240790277, 51.299663658947274 ], [ 20.498736519246091, 51.300105811015428 ], [ 20.498866089307054, 51.300546186549418 ], [ 20.498584791899404, 51.300822258033016 ], [ 20.498581317300914, 51.300825720758091 ], [ 20.498344076710815, 51.301300295999539 ], [ 20.49821169164624, 51.301496110839828 ], [ 20.498919660713977, 51.302146592500506 ], [ 20.499345104397918, 51.302401022416738 ], [ 20.499906692940424, 51.299616858409763 ], [ 20.499676893169227, 51.299566279380507 ] ] ] ] } },
{ "type": "Feature", "properties": { "area_type": "D-STAN", "silvicult": "O", "forest_fun": "OCHR", "rotat_age": 90, "sub_area": 0.8, "prot_categ": "OCH WOD", "adr_for": "16-01-1-01-5     -g   -00", "a_i_num": 1601010146, "site_type": "BMW", "stand_stru": "DRZEW", "species_cd": "SO", "part_cd": "7", "spec_age": 10, "a_year": 2025, "nazwa": "BDL_16_01_BARYCZ_2025" }, "geometry": { "type": "MultiPolygon", "coordinates": [ [ [ [ 20.494488599138872, 51.299289804366005 ], [ 20.494487445519759, 51.299294046930036 ], [ 20.494030176284252, 51.301129097373199 ], [ 20.494143177638655, 51.301095901641624 ], [ 20.494426426116604, 51.300905542229025 ], [ 20.494930903895657, 51.301045277438313 ], [ 20.495085548847747, 51.301088099937189 ], [ 20.495220101593279, 51.300676011567425 ], [ 20.49491869775327, 51.300453176136202 ], [ 20.494695852259408, 51.299971708804897 ], [ 20.494743442953343, 51.299378304288801 ], [ 20.494613014671994, 51.299294513005108 ], [ 20.494579683227872, 51.299293229361666 ], [ 20.494488599138872, 51.299289804366005 ] ] ] ] } },
{ "type": "Feature", "properties": { "area_type": "D-STAN", "silvicult": "O", "forest_fun": "OCHR", "rotat_age": 80, "sub_area": 1.36, "prot_categ": "OCH WOD", "adr_for": "16-01-1-01-5     -h   -00", "a_i_num": 1601010148, "site_type": "LMWYŻ", "stand_stru": "DRZEW", "species_cd": "LP", "part_cd": "6", "spec_age": 64, "a_year": 2025, "nazwa": "BDL_16_01_BARYCZ_2025" }, "geometry": { "type": "MultiPolygon", "coordinates": [ [ [ [ 20.494521855826882, 51.298763058873853 ], [ 20.494569190040608, 51.298965750759102 ], [ 20.494488599138872, 51.299289804366005 ], [ 20.494579683227872, 51.299293229361666 ], [ 20.494613014671994, 51.299294513005108 ], [ 20.495454065311893, 51.29930500282348 ], [ 20.495574134326816, 51.299476180907952 ], [ 20.495943231600567, 51.29943323518124 ], [ 20.495965993802709, 51.299352165633444 ], [ 20.496934183384376, 51.299252535737693 ], [ 20.497034449792654, 51.299414700262076 ], [ 20.497770060898482, 51.29932892141592 ], [ 20.497805339422673, 51.299196057756049 ], [ 20.498434755100284, 51.299158499243298 ], [ 20.498449638156988, 51.299020679061051 ], [ 20.498449064438081, 51.299020686403594 ], [ 20.498455942491308, 51.298954302235629 ], [ 20.497432535149038, 51.298904517677443 ], [ 20.494887036685295, 51.298780795459244 ], [ 20.494713280262921, 51.298772219325016 ], [ 20.49459385111026, 51.298766367697908 ], [ 20.494552031443348, 51.298764382815925 ], [ 20.494523576977052, 51.298763036903985 ], [ 20.494521855826882, 51.298763058873853 ] ] ] ] } },
{ "type": "Feature", "properties": { "area_type": "D-STAN", "silvicult": "GPZ", "forest_fun": "GOSP", "rotat_age": 90, "sub_area": 2.89, "prot_categ": null, "adr_for": "16-01-1-01-6     -b   -00", "a_i_num": 1601010153, "site_type": "LMŚW", "stand_stru": "DRZEW", "species_cd": "SO", "part_cd": "10", "spec_age": 79, "a_year": 2025, "nazwa": "BDL_16_01_BARYCZ_2025" }, "geometry": { "type": "MultiPolygon", "coordinates": [ [ [ [ 20.493133749571921, 51.301398610477854 ], [ 20.491824539765098, 51.302011063934422 ], [ 20.491819170697731, 51.30201365105372 ], [ 20.491161725035713, 51.302268049906921 ], [ 20.490358375720735, 51.302572517584302 ], [ 20.489705776395176, 51.302941627684575 ], [ 20.493382972217635, 51.303143957196646 ], [ 20.4933890084944, 51.303144240022888 ], [ 20.493401950461624, 51.303145064447236 ], [ 20.493454567317261, 51.303147991485751 ], [ 20.4935175354207, 51.303151506096263 ], [ 20.493526162428523, 51.303152025730938 ], [ 20.493880630798458, 51.301729469353837 ], [ 20.493816525689091, 51.301695295146267 ], [ 20.493815351908214, 51.301694500535909 ], [ 20.493758193632683, 51.301657718955269 ], [ 20.49375394342804, 51.301654984605165 ], [ 20.493489653246787, 51.301483575483601 ], [ 20.493133749571921, 51.301398610477854 ] ] ] ] } },
{ "type": "Feature", "properties": { "area_type": "D-STAN", "silvicult": "O", "forest_fun": "OCHR", "rotat_age": 90, "sub_area": 3.0, "prot_categ": "OCH WOD", "adr_for": "16-01-1-01-6     -c   -00", "a_i_num": 1601010155, "site_type": "LMW", "stand_stru": "DRZEW", "species_cd": "SO", "part_cd": "10", "spec_age": 47, "a_year": 2025, "nazwa": "BDL_16_01_BARYCZ_2025" }, "geometry": { "type": "MultiPolygon", "coordinates": [ [ [ [ 20.490670987021858, 51.301170563736328 ], [ 20.489871546704201, 51.301776953822184 ], [ 20.489670712251527, 51.301858668652791 ], [ 20.488518736589342, 51.301819616917847 ], [ 20.488310552096387, 51.301816146520451 ], [ 20.487885275448338, 51.301822181221844 ], [ 20.487848557933606, 51.301822737761995 ], [ 20.487663338804211, 51.30283131573912 ], [ 20.487678142436401, 51.302832027188003 ], [ 20.488841499640966, 51.302893880826666 ], [ 20.489629100273408, 51.302935766715862 ], [ 20.489672114770428, 51.30293908747899 ], [ 20.489705776395176, 51.302941627684575 ], [ 20.490358375720735, 51.302572517584302 ], [ 20.491161725035713, 51.302268049906921 ], [ 20.491819170697731, 51.30201365105372 ], [ 20.491824683204577, 51.302011062106835 ], [ 20.491813973638056, 51.3019994145914 ], [ 20.491536073736693, 51.301700170014286 ], [ 20.490773155259291, 51.30120596415383 ], [ 20.490670987021858, 51.301170563736328 ] ] ] ] } },
{ "type": "Feature", "properties": { "area_type": "D-STAN", "silvicult": "GPZ", "forest_fun": "GOSP", "rotat_age": 0, "sub_area": 5.3, "prot_categ": null, "adr_for": "16-01-1-01-6     -d   -00", "a_i_num": 1601010157, "site_type": "LMŚW", "stand_stru": "DRZEW", "species_cd": "JD", "part_cd": "5", "spec_age": 28, "a_year": 2025, "nazwa": "BDL_16_01_BARYCZ_2025" }, "geometry": { "type": "MultiPolygon", "coordinates": [ [ [ [ 20.492935786614595, 51.298587823637611 ], [ 20.492887838628977, 51.298604806647745 ], [ 20.49259339698088, 51.298883370109927 ], [ 20.492519942855399, 51.298963376062211 ], [ 20.492428339188042, 51.299319952009604 ], [ 20.492284988217271, 51.299408314917756 ], [ 20.492178389629061, 51.299501696454243 ], [ 20.491978308746472, 51.299885021463396 ], [ 20.491880063132506, 51.299974967975366 ], [ 20.491866069685315, 51.300052326797477 ], [ 20.491852337472867, 51.300456395147634 ], [ 20.491576610871, 51.30061786721437 ], [ 20.491469186336612, 51.300809848141746 ], [ 20.491349968297474, 51.300828368020866 ], [ 20.491155012771259, 51.300830041483245 ], [ 20.491066605361677, 51.300878303254031 ], [ 20.491007712238904, 51.300934015109235 ], [ 20.490670987021858, 51.301170563736328 ], [ 20.490773155259291, 51.30120596415383 ], [ 20.491536073736693, 51.301700170014286 ], [ 20.491813973638056, 51.3019994145914 ], [ 20.491824680289103, 51.302010972190025 ], [ 20.493133749571921, 51.301398610477854 ], [ 20.493489653246787, 51.301483575483601 ], [ 20.49375394342804, 51.301654984605165 ], [ 20.493758193632683, 51.301657718955269 ], [ 20.493815351908214, 51.301694500535909 ], [ 20.493816525689091, 51.301695295146267 ], [ 20.493880630798458, 51.301729469353837 ], [ 20.49402737980034, 51.30114019739738 ], [ 20.494030176284252, 51.301129097373199 ], [ 20.494487445519759, 51.299294046930036 ], [ 20.494488599138872, 51.299289804366005 ], [ 20.494569190040608, 51.298965750759102 ], [ 20.494521855826882, 51.298763058873853 ], [ 20.494455469227976, 51.298755720438933 ], [ 20.494433003751368, 51.298753218612717 ], [ 20.494328166838326, 51.298741603310923 ], [ 20.492935786614595, 51.298587823637611 ] ] ] ] } },
{ "type": "Feature", "properties": { "area_type": "D-STAN", "silvicult": "GPZ", "forest_fun": "GOSP", "rotat_age": 90, "sub_area": 6.43, "prot_categ": null, "adr_for": "16-01-1-01-6     -f   -00", "a_i_num": 1601010159, "site_type": "LMŚW", "stand_stru": "DRZEW", "species_cd": "SO", "part_cd": "8", "spec_age": 79, "a_year": 2025, "nazwa": "BDL_16_01_BARYCZ_2025" }, "geometry": { "type": "MultiPolygon", "coordinates": [ [ [ [ 20.492887838628977, 51.298604806647745 ], [ 20.492021232606685, 51.298912071794504 ], [ 20.490229964023879, 51.299276889707954 ], [ 20.488993728071001, 51.299669435039739 ], [ 20.488306336989869, 51.29976938809336 ], [ 20.488263490393997, 51.299775599825757 ], [ 20.48822336610063, 51.299781686986101 ], [ 20.487848557933606, 51.301822737761995 ], [ 20.487885275448338, 51.301822181221844 ], [ 20.488310552096387, 51.301816146520451 ], [ 20.488518736589342, 51.301819616917847 ], [ 20.489670712251527, 51.301858668652791 ], [ 20.489871546704201, 51.301776953822184 ], [ 20.490670987021858, 51.301170563736328 ], [ 20.491007712238904, 51.300934015109235 ], [ 20.491066605361677, 51.300878303254031 ], [ 20.491155012771259, 51.300830041483245 ], [ 20.491349968297474, 51.300828368020866 ], [ 20.491469186336612, 51.300809848141746 ], [ 20.491576610871, 51.30061786721437 ], [ 20.491852337472867, 51.300456395147634 ], [ 20.491866069685315, 51.300052326797477 ], [ 20.491880063132506, 51.299974967975366 ], [ 20.491978308746472, 51.299885021463396 ], [ 20.492178389629061, 51.299501696454243 ], [ 20.492284988217271, 51.299408314917756 ], [ 20.492428339188042, 51.299319952009604 ], [ 20.492519942855399, 51.298963376062211 ], [ 20.49259339698088, 51.298883370109927 ], [ 20.492887838628977, 51.298604806647745 ] ] ] ] } },
{ "type": "Feature", "properties": { "area_type": "D-STAN", "silvicult": "O", "forest_fun": "OCHR", "rotat_age": 90, "sub_area": 1.05, "prot_categ": "OCH WOD", "adr_for": "16-01-1-01-7     -b   -00", "a_i_num": 1601010164, "site_type": "LMW", "stand_stru": "DRZEW", "species_cd": "SO", "part_cd": "9", "spec_age": 64, "a_year": 2025, "nazwa": "BDL_16_01_BARYCZ_2025" }, "geometry": { "type": "MultiPolygon", "coordinates": [ [ [ [ 20.486524871389388, 51.301709837214503 ], [ 20.48609165956157, 51.301772277294582 ], [ 20.486092831233123, 51.301906293745901 ], [ 20.486774002809518, 51.301954676917319 ], [ 20.487105380027195, 51.30210240074635 ], [ 20.486972706566291, 51.302277516885667 ], [ 20.486644469162826, 51.30234690154645 ], [ 20.486503801268775, 51.3022391236602 ], [ 20.485491854579355, 51.3025550213939 ], [ 20.485789633569226, 51.302684374829404 ], [ 20.485874483992347, 51.302738979538908 ], [ 20.487663338804211, 51.30283131573912 ], [ 20.487848557933606, 51.301822737761995 ], [ 20.487826755182297, 51.301823014814055 ], [ 20.48775542618727, 51.301818254080779 ], [ 20.487161929788417, 51.301778657987157 ], [ 20.486524871389388, 51.301709837214503 ] ] ] ] } },
{ "type": "Feature", "properties": { "area_type": "D-STAN", "silvicult": "O", "forest_fun": "OCHR", "rotat_age": 80, "sub_area": 2.18, "prot_categ": "OCH WOD", "adr_for": "16-01-1-01-8     -a   -00", "a_i_num": 1601010169, "site_type": "LMW", "stand_stru": "DRZEW", "species_cd": "BRZ", "part_cd": "8", "spec_age": 33, "a_year": 2025, "nazwa": "BDL_16_01_BARYCZ_2025" }, "geometry": { "type": "MultiPolygon", "coordinates": [ [ [ [ 20.476640903968256, 51.302260028395381 ], [ 20.476676212951013, 51.302287108959511 ], [ 20.477534986488887, 51.302946251195195 ], [ 20.477598106171932, 51.302994749358341 ], [ 20.481347426281417, 51.303192498620831 ], [ 20.481700755428598, 51.30321114604309 ], [ 20.481709073280872, 51.303166423674099 ], [ 20.481725600246296, 51.303078059755464 ], [ 20.481836993767114, 51.302482144995707 ], [ 20.481838571803102, 51.302473219592073 ], [ 20.478647636969519, 51.302346066140707 ], [ 20.478637438182769, 51.302345745167798 ], [ 20.478328487356084, 51.302332465176633 ], [ 20.476660590048688, 51.30226085956869 ], [ 20.476640903968256, 51.302260028395381 ] ] ] ] } },
{ "type": "Feature", "properties": { "area_type": "D-STAN", "silvicult": "O", "forest_fun": "OCHR", "rotat_age": 0, "sub_area": 3.09, "prot_categ": "OCH WOD", "adr_for": "16-01-1-01-8     -b   -00", "a_i_num": 1601010171, "site_type": "LMW", "stand_stru": "DRZEW", "species_cd": "DB.B", "part_cd": "10", "spec_age": 17, "a_year": 2025, "nazwa": "BDL_16_01_BARYCZ_2025" }, "geometry": { "type": "MultiPolygon", "coordinates": [ [ [ [ 20.47861830346319, 51.301085013832065 ], [ 20.478328487356084, 51.302332465176633 ], [ 20.478637438182769, 51.302345745167798 ], [ 20.478647636969519, 51.302346066140707 ], [ 20.481838571803102, 51.302473219592073 ], [ 20.482041012541504, 51.301389501780463 ], [ 20.482046525961778, 51.301360196982444 ], [ 20.481782369931437, 51.301343030826686 ], [ 20.481707453384185, 51.301338221862082 ], [ 20.481601042850578, 51.301331292669168 ], [ 20.481310861168563, 51.30131247579039 ], [ 20.48098539085175, 51.301262800607255 ], [ 20.480832868845198, 51.301258792759533 ], [ 20.480481733949699, 51.301214208322257 ], [ 20.480046767449522, 51.301186514434775 ], [ 20.479764364680211, 51.301168584889922 ], [ 20.479286667757219, 51.301101668608084 ], [ 20.478814332547337, 51.30108991432968 ], [ 20.47861830346319, 51.301085013832065 ] ] ] ] } },
{ "type": "Feature", "properties": { "area_type": "D-STAN", "silvicult": "O", "forest_fun": "OCHR", "rotat_age": 90, "sub_area": 2.77, "prot_categ": "OCH WOD", "adr_for": "16-01-1-01-8     -c   -00", "a_i_num": 1601010173, "site_type": "LMW", "stand_stru": "KO", "species_cd": "SO", "part_cd": "10", "spec_age": 74, "a_year": 2025, "nazwa": "BDL_16_01_BARYCZ_2025" }, "geometry": { "type": "MultiPolygon", "coordinates": [ [ [ [ 20.474882209072316, 51.300770341204803 ], [ 20.475660571897414, 51.301451918989066 ], [ 20.476061276267576, 51.301802725468264 ], [ 20.476174669129243, 51.301902044194996 ], [ 20.476640903968256, 51.302260028395381 ], [ 20.476660590048688, 51.30226085956869 ], [ 20.478328487356084, 51.302332465176633 ], [ 20.47861830346319, 51.301085013832065 ], [ 20.477215282161207, 51.300966803228654 ], [ 20.476247663618778, 51.300885365273786 ], [ 20.474901776992905, 51.30077198374395 ], [ 20.474883789758387, 51.300770411247321 ], [ 20.474882209072316, 51.300770341204803 ] ] ] ] } },
{ "type": "Feature", "properties": { "area_type": "D-STAN", "silvicult": "O", "forest_fun": "OCHR", "rotat_age": 90, "sub_area": 1.52, "prot_categ": "OCH WOD", "adr_for": "16-01-1-01-8     -d   -00", "a_i_num": 1601010175, "site_type": "LMŚW", "stand_stru": "KO", "species_cd": "SO", "part_cd": "9", "spec_age": 79, "a_year": 2025, "nazwa": "BDL_16_01_BARYCZ_2025" }, "geometry": { "type": "MultiPolygon", "coordinates": [ [ [ [ 20.480505637065729, 51.299192102628652 ], [ 20.480386558204053, 51.299857198150264 ], [ 20.480561573035828, 51.299887008761779 ], [ 20.480742187494176, 51.299698430205076 ], [ 20.481139370192135, 51.299511159850624 ], [ 20.481432588002782, 51.299602351582088 ], [ 20.481475014130179, 51.299783611596851 ], [ 20.481969946864456, 51.299784544456301 ], [ 20.481812917656971, 51.300469192018333 ], [ 20.481217537959218, 51.300597713520816 ], [ 20.480980914665999, 51.300579837446477 ], [ 20.480959332990299, 51.300680588909252 ], [ 20.480933361858089, 51.300801005830579 ], [ 20.480624169074556, 51.300873550995334 ], [ 20.480294796999463, 51.300840744619968 ], [ 20.480433834868695, 51.301121441853937 ], [ 20.480437672507239, 51.301129219317232 ], [ 20.480439109775098, 51.301129291098199 ], [ 20.480477129923127, 51.301204911335212 ], [ 20.480481733949699, 51.301214208322257 ], [ 20.480832868845198, 51.301258792759533 ], [ 20.48098539085175, 51.301262800607255 ], [ 20.481310861168563, 51.30131247579039 ], [ 20.481601042850578, 51.301331292669168 ], [ 20.481707453384185, 51.301338221862082 ], [ 20.481782369931437, 51.301343030826686 ], [ 20.482046525961778, 51.301360196982444 ], [ 20.482048244464838, 51.301351179842115 ], [ 20.482070151737251, 51.301233872544586 ], [ 20.482187052965376, 51.300608742457662 ], [ 20.482416934449098, 51.299379580561734 ], [ 20.482345970514132, 51.299372653033892 ], [ 20.480505637065729, 51.299192102628652 ] ] ] ] } },
{ "type": "Feature", "properties": { "area_type": "D-STAN", "silvicult": "O", "forest_fun": "OCHR", "rotat_age": 90, "sub_area": 1.37, "prot_categ": "OCH WOD", "adr_for": "16-01-1-01-8     -f   -00", "a_i_num": 1601010177, "site_type": "LMW", "stand_stru": "KO", "species_cd": "SO", "part_cd": "7", "spec_age": 79, "a_year": 2025, "nazwa": "BDL_16_01_BARYCZ_2025" }, "geometry": { "type": "MultiPolygon", "coordinates": [ [ [ [ 20.481139370192135, 51.299511159850624 ], [ 20.480742187494176, 51.299698430205076 ], [ 20.480561573035828, 51.299887008761779 ], [ 20.480386558204053, 51.299857198150264 ], [ 20.480263016650976, 51.299839509980572 ], [ 20.480105025787815, 51.300303240569768 ], [ 20.480089552435295, 51.300348593017816 ], [ 20.48015311009279, 51.30062484749287 ], [ 20.480155910062116, 51.300711887444798 ], [ 20.480067123511208, 51.30109666306906 ], [ 20.480065252513128, 51.301105412245036 ], [ 20.480048776107008, 51.301177583611405 ], [ 20.480046767449522, 51.301186514434775 ], [ 20.480481733949699, 51.301214208322257 ], [ 20.480477129923127, 51.301204911335212 ], [ 20.480439109775098, 51.301129291098199 ], [ 20.480437672507239, 51.301129219317232 ], [ 20.480433834868695, 51.301121441853937 ], [ 20.480294796999463, 51.300840744619968 ], [ 20.480624169074556, 51.300873550995334 ], [ 20.480933361858089, 51.300801005830579 ], [ 20.480959332990299, 51.300680588909252 ], [ 20.480980914665999, 51.300579837446477 ], [ 20.481217537959218, 51.300597713520816 ], [ 20.481812917656971, 51.300469192018333 ], [ 20.481969946864456, 51.299784544456301 ], [ 20.481475014130179, 51.299783611596851 ], [ 20.481432588002782, 51.299602351582088 ], [ 20.481139370192135, 51.299511159850624 ] ] ] ] } },
{ "type": "Feature", "properties": { "area_type": "D-STAN", "silvicult": "O", "forest_fun": "OCHR", "rotat_age": 0, "sub_area": 3.76, "prot_categ": "OCH WOD", "adr_for": "16-01-1-01-9     -b   -00", "a_i_num": 1601010188, "site_type": "LMWYŻ", "stand_stru": "DRZEW", "species_cd": "LP", "part_cd": "2", "spec_age": 73, "a_year": 2025, "nazwa": "BDL_16_01_BARYCZ_2025" }, "geometry": { "type": "MultiPolygon", "coordinates": [ [ [ [ 20.46095230348358, 51.297330101285482 ], [ 20.460093198268606, 51.297545012982084 ], [ 20.459080233797298, 51.297473714005868 ], [ 20.459236247842437, 51.297954821206233 ], [ 20.459228035864591, 51.297980920180855 ], [ 20.459161808767234, 51.298191067878506 ], [ 20.459096631587165, 51.298398144018385 ], [ 20.459030667380105, 51.298607568716569 ], [ 20.459017110495296, 51.298650645576075 ], [ 20.459049467809443, 51.298639357958891 ], [ 20.459253548865391, 51.29856826988275 ], [ 20.459445503612937, 51.298512984549092 ], [ 20.459951536200482, 51.298421039842502 ], [ 20.460162378142051, 51.298590222228349 ], [ 20.460186840587582, 51.298714503064232 ], [ 20.460139890380894, 51.298745223080459 ], [ 20.460030579863627, 51.29875513182791 ], [ 20.46001871910461, 51.298815458770562 ], [ 20.459645919567926, 51.298887302342145 ], [ 20.459218920622558, 51.298964947579492 ], [ 20.459174148122244, 51.298973871263939 ], [ 20.459208189910289, 51.299065469658572 ], [ 20.458957725063069, 51.29923050757273 ], [ 20.459156135448129, 51.2994239542477 ], [ 20.459474182743108, 51.299571022466488 ], [ 20.459520463599702, 51.29964582676908 ], [ 20.459655103069277, 51.299656292098405 ], [ 20.459686200865633, 51.299410780552407 ], [ 20.460203832315216, 51.299385615772465 ], [ 20.461059484386411, 51.299788458777286 ], [ 20.461908997870598, 51.299433062315529 ], [ 20.461867428725597, 51.2992131047409 ], [ 20.461761131916198, 51.298762324395213 ], [ 20.461358355603217, 51.298061845060595 ], [ 20.461321325799872, 51.297998260169251 ], [ 20.461328245402839, 51.297836616876019 ], [ 20.461334131342912, 51.297701163020612 ], [ 20.461318732261923, 51.297686153034164 ], [ 20.46095230348358, 51.297330101285482 ] ] ] ] } },
{ "type": "Feature", "properties": { "area_type": "D-STAN", "silvicult": "O", "forest_fun": "OCHR", "rotat_age": 80, "sub_area": 0.32, "prot_categ": "OCH WOD", "adr_for": "16-01-1-01-9     -d   -00", "a_i_num": 1601010190, "site_type": "LMWYŻ", "stand_stru": "DRZEW", "species_cd": "LP", "part_cd": "8", "spec_age": 135, "a_year": 2025, "nazwa": "BDL_16_01_BARYCZ_2025" }, "geometry": { "type": "MultiPolygon", "coordinates": [ [ [ [ 20.457408156865231, 51.299030408952575 ], [ 20.457719588833495, 51.299693628594945 ], [ 20.458059711016187, 51.300265726837644 ], [ 20.458233221215856, 51.300434118186168 ], [ 20.458992672287039, 51.30026480951279 ], [ 20.459795158514577, 51.300086233828914 ], [ 20.459794289343215, 51.300085974804439 ], [ 20.458292906964502, 51.300302582163368 ], [ 20.457920241084391, 51.299473352396497 ], [ 20.457617607249816, 51.299083393021554 ], [ 20.457461769012383, 51.299042335121875 ], [ 20.457408156865231, 51.299030408952575 ] ] ] ] } },
{ "type": "Feature", "properties": { "area_type": "D-STAN", "silvicult": "O", "forest_fun": "OCHR", "rotat_age": 0, "sub_area": 0.87, "prot_categ": "OCH WOD", "adr_for": "16-01-1-01-9     -h   -00", "a_i_num": 1601010192, "site_type": "LMWYŻ", "stand_stru": "DRZEW", "species_cd": "DB", "part_cd": "6", "spec_age": 195, "a_year": 2025, "nazwa": "BDL_16_01_BARYCZ_2025" }, "geometry": { "type": "MultiPolygon", "coordinates": [ [ [ [ 20.459011734071705, 51.297263716069857 ], [ 20.458994520201113, 51.297277423637112 ], [ 20.458977025168135, 51.297291314612799 ], [ 20.458954213887129, 51.297309499656485 ], [ 20.458315639900288, 51.297397783773562 ], [ 20.458205496268892, 51.297413008477875 ], [ 20.458048580917779, 51.297283450318886 ], [ 20.456637970634013, 51.297613597470459 ], [ 20.456724260274044, 51.297773990815656 ], [ 20.45676720069379, 51.297852256002301 ], [ 20.45714994823166, 51.297705006505893 ], [ 20.458144127330701, 51.297436980839556 ], [ 20.458178449045423, 51.297492234750926 ], [ 20.458860903717632, 51.298588904775173 ], [ 20.458887492233348, 51.298635529320528 ], [ 20.458915594939381, 51.298684653696355 ], [ 20.458944021755734, 51.298676113695535 ], [ 20.459017110495296, 51.298650645576075 ], [ 20.459030667380105, 51.298607568716569 ], [ 20.459096631587165, 51.298398144018385 ], [ 20.459161808767234, 51.298191067878506 ], [ 20.459228035864591, 51.297980920180855 ], [ 20.459236247842437, 51.297954821206233 ], [ 20.459080233797298, 51.297473714005868 ], [ 20.459011734071705, 51.297263716069857 ] ] ] ] } },
{ "type": "Feature", "properties": { "area_type": "D-STAN", "silvicult": "O", "forest_fun": "OCHR", "rotat_age": 80, "sub_area": 0.41, "prot_categ": "OCH WOD", "adr_for": "16-01-1-01-9     -k   -00", "a_i_num": 1601010194, "site_type": "LMWYŻ", "stand_stru": "DRZEW", "species_cd": "LP", "part_cd": "5", "spec_age": 87, "a_year": 2025, "nazwa": "BDL_16_01_BARYCZ_2025" }, "geometry": { "type": "MultiPolygon", "coordinates": [ [ [ [ 20.456233950173409, 51.296861932577819 ], [ 20.456297973539755, 51.296980774703883 ], [ 20.456361549888886, 51.297099082632158 ], [ 20.457419674176858, 51.297264744133308 ], [ 20.458117682698212, 51.297195604509888 ], [ 20.458235672805561, 51.297038605032661 ], [ 20.45825315278918, 51.29701517925951 ], [ 20.458852630465042, 51.297051608715677 ], [ 20.458905206210595, 51.297058059954587 ], [ 20.45888744441147, 51.297000171158459 ], [ 20.45885334005597, 51.296888423791593 ], [ 20.458575574859204, 51.296884418266437 ], [ 20.4583265651146, 51.296886800451453 ], [ 20.45743322431025, 51.296895225468603 ], [ 20.456233950173409, 51.296861932577819 ] ] ] ] } },
{ "type": "Feature", "properties": { "area_type": "D-STAN", "silvicult": "GZ", "forest_fun": "GOSP", "rotat_age": 90, "sub_area": 3.64, "prot_categ": null, "adr_for": "16-01-1-01-9     -o   -00", "a_i_num": 1601010196, "site_type": "BMŚW", "stand_stru": "DRZEW", "species_cd": "SO", "part_cd": "9", "spec_age": 43, "a_year": 2025, "nazwa": "BDL_16_01_BARYCZ_2025" }, "geometry": { "type": "MultiPolygon", "coordinates": [ [ [ [ 20.398660355312789, 51.304005936304328 ], [ 20.398716395660212, 51.304461509119641 ], [ 20.398948064275096, 51.305147512501115 ], [ 20.400286966366608, 51.305278851657746 ], [ 20.400977283605954, 51.305336889692121 ], [ 20.401788238387457, 51.305416687403067 ], [ 20.402910953416992, 51.305521889470057 ], [ 20.403043467738602, 51.305537842573898 ], [ 20.404189488675062, 51.305644732109059 ], [ 20.403847732766113, 51.305290006890047 ], [ 20.402910073966005, 51.305102448510141 ], [ 20.402640903902064, 51.304972272684303 ], [ 20.402258909208797, 51.304855231314818 ], [ 20.402408570406656, 51.304642858607025 ], [ 20.40239942306119, 51.304192122977739 ], [ 20.401646327263535, 51.304319788564158 ], [ 20.401598897575493, 51.304317387859257 ], [ 20.401573269913573, 51.304314636215857 ], [ 20.398660355312789, 51.304005936304328 ] ] ] ] } },
{ "type": "Feature", "properties": { "area_type": "D-STAN", "silvicult": "GZ", "forest_fun": "GOSP", "rotat_age": 90, "sub_area": 0.98, "prot_categ": null, "adr_for": "16-01-1-01-9     -p   -00", "a_i_num": 1601010198, "site_type": "BŚW", "stand_stru": "DRZEW", "species_cd": "SO", "part_cd": "10", "spec_age": 87, "a_year": 2025, "nazwa": "BDL_16_01_BARYCZ_2025" }, "geometry": { "type": "MultiPolygon", "coordinates": [ [ [ [ 20.398600908551575, 51.303523238276128 ], [ 20.398658654204226, 51.30399246365544 ], [ 20.398660355312789, 51.304005936304328 ], [ 20.401573269913573, 51.304314636215857 ], [ 20.401598897575493, 51.304317387859257 ], [ 20.401646327263535, 51.304319788564158 ], [ 20.40239942306119, 51.304192122977739 ], [ 20.402400133148408, 51.304116553823981 ], [ 20.3998154038871, 51.303746111666307 ], [ 20.398788934247559, 51.303576403365511 ], [ 20.398600908551575, 51.303523238276128 ] ] ] ] } },
{ "type": "Feature", "properties": { "area_type": "D-STAN", "silvicult": "O", "forest_fun": "OCHR", "rotat_age": 90, "sub_area": 3.89, "prot_categ": "OCH WOD", "adr_for": "16-01-1-01-10    -d   -00", "a_i_num": 1601010203, "site_type": "LMW", "stand_stru": "DRZEW", "species_cd": "SO", "part_cd": "10", "spec_age": 79, "a_year": 2025, "nazwa": "BDL_16_01_BARYCZ_2025" }, "geometry": { "type": "MultiPolygon", "coordinates": [ [ [ [ 20.484274492823502, 51.295938786337956 ], [ 20.483613895028629, 51.299378452373858 ], [ 20.484292320552314, 51.299520886474568 ], [ 20.484846797131997, 51.299637362726429 ], [ 20.48485344145432, 51.299638717726673 ], [ 20.484976540565839, 51.299651549156735 ], [ 20.485087373871359, 51.299395483825833 ], [ 20.484839441732269, 51.299378298733394 ], [ 20.48471331844986, 51.299369553437778 ], [ 20.48463401891922, 51.299317756031556 ], [ 20.48459869183316, 51.299294636046731 ], [ 20.48459429605462, 51.299291813258364 ], [ 20.48453214087332, 51.299251042637763 ], [ 20.484413015043451, 51.299138941184921 ], [ 20.484560501485163, 51.298408894096241 ], [ 20.484781576794035, 51.29825649733926 ], [ 20.486435113841477, 51.297101376741402 ], [ 20.486388349003366, 51.296497569632507 ], [ 20.485974414685224, 51.296386783304612 ], [ 20.485417562386743, 51.296240028147125 ], [ 20.484819036854862, 51.296082284750511 ], [ 20.484274492823502, 51.295938786337956 ] ] ] ] } },
{ "type": "Feature", "properties": { "area_type": "D-STAN", "silvicult": "O", "forest_fun": "OCHR", "rotat_age": 90, "sub_area": 3.07, "prot_categ": "OCH WOD", "adr_for": "16-01-1-01-10    -f   -00", "a_i_num": 1601010205, "site_type": "LMŚW", "stand_stru": "DRZEW", "species_cd": "SO", "part_cd": "3", "spec_age": 33, "a_year": 2025, "nazwa": "BDL_16_01_BARYCZ_2025" }, "geometry": { "type": "MultiPolygon", "coordinates": [ [ [ [ 20.483110132138709, 51.295630876668653 ], [ 20.483087866279654, 51.295750257773818 ], [ 20.482513943071019, 51.298832062153636 ], [ 20.482509286486206, 51.298856768489166 ], [ 20.482428911074305, 51.299288125703363 ], [ 20.482800432205241, 51.29928000294472 ], [ 20.4831145950678, 51.299273055353147 ], [ 20.483613895028629, 51.299378452373858 ], [ 20.484274492823502, 51.295938786337956 ], [ 20.483723162092115, 51.29579384219214 ], [ 20.483410163677782, 51.295711542435356 ], [ 20.483244188262415, 51.29566794860682 ], [ 20.483158340223721, 51.29564420885162 ], [ 20.483110132138709, 51.295630876668653 ] ] ] ] } },
{ "type": "Feature", "properties": { "area_type": "D-STAN", "silvicult": "GPZ", "forest_fun": "GOSP", "rotat_age": 90, "sub_area": 4.39, "prot_categ": null, "adr_for": "16-01-1-01-11    -b   -00", "a_i_num": 1601010210, "site_type": "LMŚW", "stand_stru": "KO", "species_cd": "SO", "part_cd": "4", "spec_age": 79, "a_year": 2025, "nazwa": "BDL_16_01_BARYCZ_2025" }, "geometry": { "type": "MultiPolygon", "coordinates": [ [ [ [ 20.478093006343528, 51.297347406283535 ], [ 20.477917192282082, 51.297417450937161 ], [ 20.476351385208858, 51.297400684179017 ], [ 20.475412372652706, 51.29767203782351 ], [ 20.475452739999952, 51.297892815655352 ], [ 20.476073013795617, 51.298201005420054 ], [ 20.477069563112568, 51.298416650626265 ], [ 20.47748786543869, 51.298507173652382 ], [ 20.48005232942991, 51.299062003365364 ], [ 20.48190197772211, 51.299237945279472 ], [ 20.481940843223772, 51.299241771149795 ], [ 20.481955812225106, 51.299243200855344 ], [ 20.482032527646929, 51.299250505586869 ], [ 20.482236907115201, 51.299269867155566 ], [ 20.482357953072398, 51.299281378015998 ], [ 20.482428911074305, 51.299288125703363 ], [ 20.482509286486206, 51.298856768489166 ], [ 20.482513943071019, 51.298832062153636 ], [ 20.482351674193545, 51.298841492913702 ], [ 20.481338823171555, 51.298900548170884 ], [ 20.481304449066975, 51.298902512282382 ], [ 20.480446828234083, 51.29842122167355 ], [ 20.480376686353388, 51.29838180920396 ], [ 20.48026474887136, 51.298265294893625 ], [ 20.479996659355034, 51.298031565504459 ], [ 20.479759210076967, 51.29796080455813 ], [ 20.479655277797036, 51.297932523231552 ], [ 20.479368084051423, 51.29785420433435 ], [ 20.478927761006865, 51.297600789802118 ], [ 20.47849224134108, 51.297496726403992 ], [ 20.478093006343528, 51.297347406283535 ] ] ] ] } },
{ "type": "Feature", "properties": { "area_type": "D-STAN", "silvicult": "GPZ", "forest_fun": "GOSP", "rotat_age": 90, "sub_area": 1.41, "prot_categ": null, "adr_for": "16-01-1-01-11    -c   -00", "a_i_num": 1601010212, "site_type": "LMŚW", "stand_stru": "DRZEW", "species_cd": "SO", "part_cd": "4", "spec_age": 39, "a_year": 2025, "nazwa": "BDL_16_01_BARYCZ_2025" }, "geometry": { "type": "MultiPolygon", "coordinates": [ [ [ [ 20.483087866279654, 51.295750257773818 ], [ 20.482475864089697, 51.29597542727177 ], [ 20.482703564084037, 51.296914991510121 ], [ 20.482562500635332, 51.297016806617393 ], [ 20.481931905824826, 51.296767701530094 ], [ 20.481865935107358, 51.296839959950098 ], [ 20.482072020526434, 51.297108652501564 ], [ 20.482051330300987, 51.297646838944353 ], [ 20.481572379045954, 51.29762906282582 ], [ 20.481621688374293, 51.297859260627952 ], [ 20.48166187788804, 51.298046845699524 ], [ 20.481642932262908, 51.298438834774004 ], [ 20.481639034420677, 51.298518313408167 ], [ 20.481301068675915, 51.298739558567064 ], [ 20.481303964370742, 51.298882998416602 ], [ 20.481304449066975, 51.298902512282382 ], [ 20.481338823171555, 51.298900548170884 ], [ 20.482351674193545, 51.298841492913702 ], [ 20.482513943071019, 51.298832062153636 ], [ 20.483087866279654, 51.295750257773818 ] ] ] ] } },
{ "type": "Feature", "properties": { "area_type": "D-STAN", "silvicult": "O", "forest_fun": "OCHR", "rotat_age": 140, "sub_area": 1.91, "prot_categ": "OCH WOD", "adr_for": "16-01-1-01-12    -a   -00", "a_i_num": 1601010217, "site_type": "LWYŻŚ", "stand_stru": "KO", "species_cd": "DB", "part_cd": "7", "spec_age": 65, "a_year": 2025, "nazwa": "BDL_16_01_BARYCZ_2025" }, "geometry": { "type": "MultiPolygon", "coordinates": [ [ [ [ 20.462623282848838, 51.296096662096872 ], [ 20.462201719891024, 51.296168313530359 ], [ 20.461998197519751, 51.296229414996347 ], [ 20.461744993068397, 51.296329996417271 ], [ 20.461373909822981, 51.296414507676694 ], [ 20.460735017016848, 51.296560019653455 ], [ 20.459872500980133, 51.296834341845184 ], [ 20.459885443497445, 51.296835259912463 ], [ 20.460933542827441, 51.296906383330978 ], [ 20.461807657346387, 51.296965726921563 ], [ 20.462534385289125, 51.297015031264905 ], [ 20.462895660382763, 51.297037144164101 ], [ 20.464166086528941, 51.297114725829232 ], [ 20.464254929799171, 51.297120091446345 ], [ 20.464250584473426, 51.297114298793694 ], [ 20.46351763824816, 51.296125155719636 ], [ 20.463477729489419, 51.296124485171752 ], [ 20.463429637044193, 51.296123647038833 ], [ 20.462890006935588, 51.296114558881548 ], [ 20.462623282848838, 51.296096662096872 ] ] ] ] } },
{ "type": "Feature", "properties": { "area_type": "D-STAN", "silvicult": "O", "forest_fun": "OCHR", "rotat_age": 80, "sub_area": 3.45, "prot_categ": "OCH WOD", "adr_for": "16-01-1-01-12    -b   -00", "a_i_num": 1601010219, "site_type": "LWYŻŚ", "stand_stru": "KO", "species_cd": "BRZ", "part_cd": "5", "spec_age": 65, "a_year": 2025, "nazwa": "BDL_16_01_BARYCZ_2025" }, "geometry": { "type": "MultiPolygon", "coordinates": [ [ [ [ 20.462421289026288, 51.294652638349127 ], [ 20.462386526357541, 51.294660358813658 ], [ 20.462201603319542, 51.294701528481198 ], [ 20.462028360301101, 51.294740033296186 ], [ 20.461739937966041, 51.294775028454652 ], [ 20.461558219291852, 51.294745453411856 ], [ 20.4609050514822, 51.295073301076236 ], [ 20.460746637918362, 51.295366637909389 ], [ 20.460569506773144, 51.295689622888986 ], [ 20.460107887662133, 51.295837327638552 ], [ 20.459751655617179, 51.295951243345357 ], [ 20.459453111011463, 51.296377657859388 ], [ 20.458950721945573, 51.296792039310304 ], [ 20.459159496161622, 51.296796813820812 ], [ 20.459401151886581, 51.29680234750343 ], [ 20.459872500980133, 51.296834341845184 ], [ 20.460735017016848, 51.296560019653455 ], [ 20.461373909822981, 51.296414507676694 ], [ 20.461744993068397, 51.296329996417271 ], [ 20.461998197519751, 51.296229414996347 ], [ 20.462201719891024, 51.296168313530359 ], [ 20.462623282848838, 51.296096662096872 ], [ 20.462890006935588, 51.296114558881548 ], [ 20.463429637044193, 51.296123647038833 ], [ 20.463477729489419, 51.296124485171752 ], [ 20.46351763824816, 51.296125155719636 ], [ 20.463354827153935, 51.295905274735055 ], [ 20.463269824251768, 51.295790476635105 ], [ 20.462979897511303, 51.295399202587568 ], [ 20.462452342490188, 51.294835216498342 ], [ 20.462421289026288, 51.294652638349127 ] ] ] ] } },
{ "type": "Feature", "properties": { "area_type": "D-STAN", "silvicult": "O", "forest_fun": "OCHR", "rotat_age": 80, "sub_area": 1.96, "prot_categ": "OCH WOD", "adr_for": "16-01-1-01-12    -c   -00", "a_i_num": 1601010221, "site_type": "LWYŻŚ", "stand_stru": "DRZEW", "species_cd": "BRZ", "part_cd": "5", "spec_age": 50, "a_year": 2025, "nazwa": "BDL_16_01_BARYCZ_2025" }, "geometry": { "type": "MultiPolygon", "coordinates": [ [ [ [ 20.459821735901738, 51.295224982396597 ], [ 20.459810098074762, 51.295228995514215 ], [ 20.459618353345903, 51.295294983418188 ], [ 20.459493301449797, 51.295314982862337 ], [ 20.459394958527202, 51.295358307093657 ], [ 20.45916161632589, 51.295564960702961 ], [ 20.458758275014382, 51.295668306227945 ], [ 20.4585366996929, 51.295685009533656 ], [ 20.45798100121096, 51.295947489398756 ], [ 20.457624032533463, 51.296119877705685 ], [ 20.457655245091903, 51.296280866126452 ], [ 20.458020050159458, 51.296482587712312 ], [ 20.457900493556526, 51.296630880982796 ], [ 20.457446085863772, 51.296612700610304 ], [ 20.457437431079423, 51.296801531271718 ], [ 20.457454102606476, 51.296802403188984 ], [ 20.458748413306601, 51.296787543687138 ], [ 20.458950721945573, 51.296792039310304 ], [ 20.459453111011463, 51.296377657859388 ], [ 20.459751655617179, 51.295951243345357 ], [ 20.460107887662133, 51.295837327638552 ], [ 20.460569506773144, 51.295689622888986 ], [ 20.460746637918362, 51.295366637909389 ], [ 20.460661158453117, 51.295354121330732 ], [ 20.459879144438666, 51.295239108958114 ], [ 20.459821735901738, 51.295224982396597 ] ] ] ] } },
{ "type": "Feature", "properties": { "area_type": "D-STAN", "silvicult": "O", "forest_fun": "OCHR", "rotat_age": 90, "sub_area": 5.46, "prot_categ": "OCH WOD", "adr_for": "16-01-1-01-12    -d   -00", "a_i_num": 1601010223, "site_type": "LWYŻŚ", "stand_stru": "KO", "species_cd": "SO", "part_cd": "10", "spec_age": 76, "a_year": 2025, "nazwa": "BDL_16_01_BARYCZ_2025" }, "geometry": { "type": "MultiPolygon", "coordinates": [ [ [ [ 20.460572983706339, 51.293547779823832 ], [ 20.460260284051621, 51.293586132658824 ], [ 20.460287133671418, 51.293808343475121 ], [ 20.459892037879747, 51.29387255022673 ], [ 20.45960570810027, 51.293919118094259 ], [ 20.459020158587666, 51.294175948326959 ], [ 20.458685901587696, 51.294335553396373 ], [ 20.458365848339842, 51.2943231688701 ], [ 20.458291364093117, 51.294385894872796 ], [ 20.458257129879076, 51.294414836616831 ], [ 20.458213109920937, 51.294451906116002 ], [ 20.458168952171839, 51.294489157221747 ], [ 20.458245404468464, 51.294506645550051 ], [ 20.458367378359394, 51.294534451221288 ], [ 20.45828664799177, 51.294576655606548 ], [ 20.458020622158855, 51.294666504291044 ], [ 20.457687605557183, 51.294675238561773 ], [ 20.457608952935427, 51.294407076123811 ], [ 20.457923969674596, 51.294251401843411 ], [ 20.457871481869333, 51.294070978487284 ], [ 20.457536496652768, 51.29408990163688 ], [ 20.457044570496155, 51.294585283129443 ], [ 20.456643126620278, 51.295296954986213 ], [ 20.456123696764489, 51.295798971351154 ], [ 20.45603762273063, 51.295944507497921 ], [ 20.456123119371249, 51.29618883799543 ], [ 20.456125737256713, 51.29630331653027 ], [ 20.456074539901774, 51.296394806510868 ], [ 20.456115454322578, 51.296599572071798 ], [ 20.456128600626823, 51.296665884374029 ], [ 20.45616701142864, 51.296737099775648 ], [ 20.457323756578511, 51.296795839886194 ], [ 20.457437431079423, 51.296801531271718 ], [ 20.457446085863772, 51.296612700610304 ], [ 20.457900493556526, 51.296630880982796 ], [ 20.458020050159458, 51.296482587712312 ], [ 20.457655245091903, 51.296280866126452 ], [ 20.457624032533463, 51.296119877705685 ], [ 20.45798100121096, 51.295947489398756 ], [ 20.4585366996929, 51.295685009533656 ], [ 20.458758275014382, 51.295668306227945 ], [ 20.45916161632589, 51.295564960702961 ], [ 20.459394958527202, 51.295358307093657 ], [ 20.459493301449797, 51.295314982862337 ], [ 20.459618353345903, 51.295294983418188 ], [ 20.459810098074762, 51.295228995514215 ], [ 20.459821735901738, 51.295224982396597 ], [ 20.459879144438666, 51.295239108958114 ], [ 20.460661158453117, 51.295354121330732 ], [ 20.460746637918362, 51.295366637909389 ], [ 20.4609050514822, 51.295073301076236 ], [ 20.460888544630908, 51.29506855958526 ], [ 20.460870299619316, 51.295063300057116 ], [ 20.460262090228625, 51.2948865720846 ], [ 20.459919181571969, 51.294787041771265 ], [ 20.459964877721465, 51.294526955299574 ], [ 20.460749570388074, 51.294139091937971 ], [ 20.460572983706339, 51.293547779823832 ] ] ] ] } },
{ "type": "Feature", "properties": { "area_type": "D-STAN", "silvicult": "GPZ", "forest_fun": "GOSP", "rotat_age": 90, "sub_area": 2.52, "prot_categ": null, "adr_for": "16-01-1-01-12    -f   -00", "a_i_num": 1601010225, "site_type": "LMŚW", "stand_stru": "KO", "species_cd": "SO", "part_cd": "5", "spec_age": 75, "a_year": 2025, "nazwa": "BDL_16_01_BARYCZ_2025" }, "geometry": { "type": "MultiPolygon", "coordinates": [ [ [ [ 20.46090942735151, 51.292481137687005 ], [ 20.460874895795786, 51.292487055751188 ], [ 20.460537849128567, 51.29254460346236 ], [ 20.460768277696335, 51.292703375683224 ], [ 20.460804994689926, 51.292951639867226 ], [ 20.460229135443782, 51.293011356529156 ], [ 20.460365201249353, 51.293225638506001 ], [ 20.460508597506045, 51.293331794359247 ], [ 20.460572983706339, 51.293547779823832 ], [ 20.460749570388074, 51.294139091937971 ], [ 20.459964877721465, 51.294526955299574 ], [ 20.459919181571969, 51.294787041771265 ], [ 20.460262090228625, 51.2948865720846 ], [ 20.460870299619316, 51.295063300057116 ], [ 20.460888544630908, 51.29506855958526 ], [ 20.4609050514822, 51.295073301076236 ], [ 20.461558219291852, 51.294745453411856 ], [ 20.461739937966041, 51.294775028454652 ], [ 20.462028360301101, 51.294740033296186 ], [ 20.462201603319542, 51.294701528481198 ], [ 20.462386526357541, 51.294660358813658 ], [ 20.462421289026288, 51.294652638349127 ], [ 20.462419867381097, 51.294644020541377 ], [ 20.462415805869615, 51.294620053606963 ], [ 20.462298267396335, 51.293928157734456 ], [ 20.46094506143038, 51.292559672493354 ], [ 20.46090942735151, 51.292481137687005 ] ] ] ] } },
{ "type": "Feature", "properties": { "area_type": "D-STAN", "silvicult": "GPZ", "forest_fun": "GOSP", "rotat_age": 140, "sub_area": 3.55, "prot_categ": null, "adr_for": "16-01-1-01-12    -g   -00", "a_i_num": 1601010227, "site_type": "LMŚW", "stand_stru": "KO", "species_cd": "DB", "part_cd": "6", "spec_age": 65, "a_year": 2025, "nazwa": "BDL_16_01_BARYCZ_2025" }, "geometry": { "type": "MultiPolygon", "coordinates": [ [ [ [ 20.460377388210645, 51.291308210769138 ], [ 20.460348818401005, 51.291325658362723 ], [ 20.46028336882144, 51.291365424730451 ], [ 20.460323709403028, 51.291483840529267 ], [ 20.460323081270097, 51.291568045149354 ], [ 20.460321221786518, 51.291825965967718 ], [ 20.460293509349817, 51.291893057362309 ], [ 20.460255242541983, 51.291939501055865 ], [ 20.459776120765614, 51.292244392458976 ], [ 20.459442971791173, 51.292456519023609 ], [ 20.458853352352534, 51.29264323532955 ], [ 20.458675051635232, 51.292793610808729 ], [ 20.458311404781405, 51.293284161223148 ], [ 20.457653180341367, 51.293724226149962 ], [ 20.457593882664405, 51.293804393579407 ], [ 20.45714286431344, 51.294413507511642 ], [ 20.457136537541142, 51.294422131859662 ], [ 20.457044570496155, 51.294585283129443 ], [ 20.457536496652768, 51.29408990163688 ], [ 20.457871481869333, 51.294070978487284 ], [ 20.457923969674596, 51.294251401843411 ], [ 20.457608952935427, 51.294407076123811 ], [ 20.457687605557183, 51.294675238561773 ], [ 20.458020622158855, 51.294666504291044 ], [ 20.45828664799177, 51.294576655606548 ], [ 20.458367378359394, 51.294534451221288 ], [ 20.458245404468464, 51.294506645550051 ], [ 20.458168952171839, 51.294489157221747 ], [ 20.458213109920937, 51.294451906116002 ], [ 20.458257129879076, 51.294414836616831 ], [ 20.458291364093117, 51.294385894872796 ], [ 20.458365848339842, 51.2943231688701 ], [ 20.458685901587696, 51.294335553396373 ], [ 20.459020158587666, 51.294175948326959 ], [ 20.45960570810027, 51.293919118094259 ], [ 20.459892037879747, 51.29387255022673 ], [ 20.460287133671418, 51.293808343475121 ], [ 20.460260284051621, 51.293586132658824 ], [ 20.460572983706339, 51.293547779823832 ], [ 20.460508597506045, 51.293331794359247 ], [ 20.460365201249353, 51.293225638506001 ], [ 20.460229135443782, 51.293011356529156 ], [ 20.460804994689926, 51.292951639867226 ], [ 20.460768277696335, 51.292703375683224 ], [ 20.460537849128567, 51.29254460346236 ], [ 20.460874895795786, 51.292487055751188 ], [ 20.46090942735151, 51.292481137687005 ], [ 20.460377388210645, 51.291308210769138 ] ] ] ] } },
{ "type": "Feature", "properties": { "area_type": "D-STAN", "silvicult": "O", "forest_fun": "OCHR", "rotat_age": 100, "sub_area": 5.11, "prot_categ": "OCH WOD", "adr_for": "16-01-1-01-13    -c   -00", "a_i_num": 1601010236, "site_type": "LMWYŻ", "stand_stru": "KO", "species_cd": "MD", "part_cd": "5", "spec_age": 63, "a_year": 2025, "nazwa": "BDL_16_01_BARYCZ_2025" }, "geometry": { "type": "MultiPolygon", "coordinates": [ [ [ [ 20.50829433082226, 51.297296415177371 ], [ 20.508280453160364, 51.297372065504142 ], [ 20.508101684179042, 51.298340026252774 ], [ 20.508098656471809, 51.298348341033964 ], [ 20.50864812699071, 51.298323811080927 ], [ 20.508273230951044, 51.299327402075285 ], [ 20.50852448608245, 51.299340626726291 ], [ 20.50886061571557, 51.299360403186299 ], [ 20.509273370837157, 51.299384588206621 ], [ 20.510625164563571, 51.299453510939827 ], [ 20.511749433099688, 51.299510783474858 ], [ 20.511841187164642, 51.29867419428755 ], [ 20.511876115181717, 51.298282982283787 ], [ 20.511882539193426, 51.298212105383158 ], [ 20.511872175677343, 51.29811940648208 ], [ 20.511850516000692, 51.297927454060485 ], [ 20.511532515708755, 51.297773510382186 ], [ 20.511536084682767, 51.29774674791085 ], [ 20.510764939051455, 51.297705786880812 ], [ 20.510439350735577, 51.297582792449013 ], [ 20.51035305285464, 51.297550262860177 ], [ 20.5101721701465, 51.297481892123173 ], [ 20.509001379206637, 51.297356389324612 ], [ 20.50829433082226, 51.297296415177371 ] ] ] ] } },
{ "type": "Feature", "properties": { "area_type": "ZRĄB", "silvicult": "O", "forest_fun": "OCHR", "rotat_age": 0, "sub_area": 0.39, "prot_categ": "OCH WOD", "adr_for": "16-01-1-01-13    -d   -00", "a_i_num": 1601010238, "site_type": "LMWYŻ", "stand_stru": null, "species_cd": null, "part_cd": null, "spec_age": 0, "a_year": 2025, "nazwa": "BDL_16_01_BARYCZ_2025" }, "geometry": { "type": "MultiPolygon", "coordinates": [ [ [ [ 20.50864812699071, 51.298323811080927 ], [ 20.508098656471809, 51.298348341033964 ], [ 20.507849972040528, 51.299048328818259 ], [ 20.507830944948836, 51.299304043614555 ], [ 20.508273230951044, 51.299327402075285 ], [ 20.50864812699071, 51.298323811080927 ] ] ] ] } },
{ "type": "Feature", "properties": { "area_type": "D-STAN", "silvicult": "O", "forest_fun": "OCHR", "rotat_age": 90, "sub_area": 2.34, "prot_categ": "OCH WOD", "adr_for": "16-01-1-01-13    -f   -00", "a_i_num": 1601010240, "site_type": "BMWYŻ", "stand_stru": "DRZEW", "species_cd": "SO", "part_cd": "10", "spec_age": 64, "a_year": 2025, "nazwa": "BDL_16_01_BARYCZ_2025" }, "geometry": { "type": "MultiPolygon", "coordinates": [ [ [ [ 20.50761779014638, 51.297239102374242 ], [ 20.507556147592005, 51.297297736638029 ], [ 20.505915875944538, 51.298859849879271 ], [ 20.505759466926204, 51.299008756590332 ], [ 20.505574527600743, 51.299184746333424 ], [ 20.507675417825656, 51.299295791664342 ], [ 20.507830944948836, 51.299304043614555 ], [ 20.507849972040528, 51.299048328818259 ], [ 20.508098656471809, 51.298348341033964 ], [ 20.508101684179042, 51.298340026252774 ], [ 20.508280453160364, 51.297372065504142 ], [ 20.50829433082226, 51.297296415177371 ], [ 20.50761779014638, 51.297239102374242 ] ] ] ] } },
{ "type": "Feature", "properties": { "area_type": "D-STAN", "silvicult": "O", "forest_fun": "OCHR", "rotat_age": 140, "sub_area": 4.51, "prot_categ": "OCH WOD", "adr_for": "16-01-1-01-13    -g   -00", "a_i_num": 1601010242, "site_type": "LMWYŻ", "stand_stru": "2 PIĘT", "species_cd": "DB", "part_cd": "3", "spec_age": 75, "a_year": 2025, "nazwa": "BDL_16_01_BARYCZ_2025" }, "geometry": { "type": "MultiPolygon", "coordinates": [ [ [ [ 20.512916658149678, 51.296017087613976 ], [ 20.510880432207717, 51.296359391335415 ], [ 20.51091741232873, 51.296685987606622 ], [ 20.510586712346104, 51.296940327475191 ], [ 20.510594386127831, 51.297300854832663 ], [ 20.510475869101718, 51.297423282324353 ], [ 20.510364295422395, 51.297538693648541 ], [ 20.51035305285464, 51.297550262860177 ], [ 20.510439350735577, 51.297582792449013 ], [ 20.510764939051455, 51.297705786880812 ], [ 20.511536084682767, 51.29774674791085 ], [ 20.512682050670694, 51.297819293275019 ], [ 20.513327596288651, 51.297814999047013 ], [ 20.513385340182328, 51.298117938072991 ], [ 20.513788414019515, 51.298258093293882 ], [ 20.514047535394635, 51.298061341193026 ], [ 20.514444687656258, 51.29795176788091 ], [ 20.514935871892991, 51.297896028537991 ], [ 20.515293397426564, 51.297872961297529 ], [ 20.515169248208075, 51.297776068120143 ], [ 20.514961593206223, 51.297613869137187 ], [ 20.514265599759916, 51.297070463915425 ], [ 20.513411606992239, 51.29640361088228 ], [ 20.512916658149678, 51.296017087613976 ] ] ] ] } },
{ "type": "Feature", "properties": { "area_type": "D-STAN", "silvicult": "O", "forest_fun": "OCHR", "rotat_age": 90, "sub_area": 1.8, "prot_categ": "OCH WOD", "adr_for": "16-01-1-01-13    -h   -00", "a_i_num": 1601010246, "site_type": "BMWYŻW", "stand_stru": "DRZEW", "species_cd": "SO", "part_cd": "10", "spec_age": 51, "a_year": 2025, "nazwa": "BDL_16_01_BARYCZ_2025" }, "geometry": { "type": "MultiPolygon", "coordinates": [ [ [ [ 20.509878892932406, 51.296222627781326 ], [ 20.509352004824567, 51.296633045868276 ], [ 20.508440090377018, 51.296766146512525 ], [ 20.508085830923235, 51.296792389127532 ], [ 20.507869494561355, 51.296999281517309 ], [ 20.507631146389965, 51.297226336806034 ], [ 20.50761779014638, 51.297239102374242 ], [ 20.50829433082226, 51.297296415177371 ], [ 20.509001379206637, 51.297356389324612 ], [ 20.5101721701465, 51.297481892123173 ], [ 20.51035305285464, 51.297550262860177 ], [ 20.510364295422395, 51.297538693648541 ], [ 20.510475869101718, 51.297423282324353 ], [ 20.510594386127831, 51.297300854832663 ], [ 20.510586712346104, 51.296940327475191 ], [ 20.51091741232873, 51.296685987606622 ], [ 20.510880432207717, 51.296359391335415 ], [ 20.509878892932406, 51.296222627781326 ] ] ] ] } },
{ "type": "Feature", "properties": { "area_type": "D-STAN", "silvicult": "O", "forest_fun": "OCHR", "rotat_age": 140, "sub_area": 3.75, "prot_categ": "OCH WOD", "adr_for": "16-01-1-01-13    -i   -00", "a_i_num": 1601010248, "site_type": "LMWYŻW", "stand_stru": "DRZEW", "species_cd": "DB", "part_cd": "3", "spec_age": 60, "a_year": 2025, "nazwa": "BDL_16_01_BARYCZ_2025" }, "geometry": { "type": "MultiPolygon", "coordinates": [ [ [ [ 20.510725518524531, 51.29430656606327 ], [ 20.510254388588876, 51.294745054337206 ], [ 20.509219793267818, 51.295707952129277 ], [ 20.508085830923235, 51.296792389127532 ], [ 20.508440090377018, 51.296766146512525 ], [ 20.509352004824567, 51.296633045868276 ], [ 20.509878892932406, 51.296222627781326 ], [ 20.510880432207717, 51.296359391335415 ], [ 20.512916658149678, 51.296017087613976 ], [ 20.510859810241278, 51.294411428917606 ], [ 20.510725518524531, 51.29430656606327 ] ] ] ] } },
{ "type": "Feature", "properties": { "area_type": "D-STAN", "silvicult": "O", "forest_fun": "OCHR", "rotat_age": 80, "sub_area": 3.16, "prot_categ": "OCH WOD", "adr_for": "16-01-1-01-14    -a   -00", "a_i_num": 1601010251, "site_type": "LMWYŻ", "stand_stru": "DRZEW", "species_cd": "BRZ", "part_cd": "5", "spec_age": 61, "a_year": 2025, "nazwa": "BDL_16_01_BARYCZ_2025" }, "geometry": { "type": "MultiPolygon", "coordinates": [ [ [ [ 20.504714486963454, 51.29693489540692 ], [ 20.504711432174773, 51.296981890729867 ], [ 20.504709851582074, 51.296981821089297 ], [ 20.504704939996429, 51.297081733310776 ], [ 20.504687219265254, 51.297298930439581 ], [ 20.504433503765014, 51.297438291431789 ], [ 20.504667954200276, 51.297464513730311 ], [ 20.5046819619484, 51.297638394960991 ], [ 20.505005629984648, 51.297703139742453 ], [ 20.504828478371159, 51.297836389989889 ], [ 20.504644304257742, 51.297912879199806 ], [ 20.504367642954008, 51.297947378525066 ], [ 20.504208443211496, 51.298037309128972 ], [ 20.503895399431002, 51.298043039660236 ], [ 20.503811536561958, 51.298256138689652 ], [ 20.504040157139144, 51.298437518037652 ], [ 20.504301986339211, 51.298546147165318 ], [ 20.504313097488325, 51.2987148482826 ], [ 20.504742416541745, 51.298649062215397 ], [ 20.505125721515853, 51.2986856042127 ], [ 20.50500029919526, 51.298887004581239 ], [ 20.505027121003124, 51.299119191199892 ], [ 20.503862241548021, 51.299048073101297 ], [ 20.503442209929762, 51.298981054353952 ], [ 20.503641516746178, 51.298849320822683 ], [ 20.503729893784929, 51.298532806692613 ], [ 20.503377454680464, 51.298597691862042 ], [ 20.502926353537873, 51.298501835135021 ], [ 20.502501696543188, 51.298543447010495 ], [ 20.502256870018911, 51.298537952980006 ], [ 20.502023703763552, 51.298384154451661 ], [ 20.501412556845473, 51.298519458068434 ], [ 20.500660104504831, 51.298233425662623 ], [ 20.500564214025626, 51.298196963901233 ], [ 20.500053315591217, 51.298986650831623 ], [ 20.50002490094144, 51.299030552644112 ], [ 20.500130389363498, 51.299035677811744 ], [ 20.501325986185112, 51.299098523187091 ], [ 20.501870603693895, 51.299127160252056 ], [ 20.503239124178702, 51.2991991919911 ], [ 20.505446214073682, 51.299315300501014 ], [ 20.505487597118691, 51.29927320959159 ], [ 20.505574527600743, 51.299184746333424 ], [ 20.505759466926204, 51.299008756590332 ], [ 20.505915875944538, 51.298859849879271 ], [ 20.505735217439934, 51.298465025888142 ], [ 20.504880989839986, 51.298226745662319 ], [ 20.505779600993424, 51.297238650011188 ], [ 20.50580356003028, 51.297212255168567 ], [ 20.505700508302471, 51.297176249518806 ], [ 20.505063912393013, 51.296953792179323 ], [ 20.504714486963454, 51.29693489540692 ] ] ] ] } },
{ "type": "Feature", "properties": { "area_type": "D-STAN", "silvicult": "O", "forest_fun": "OCHR", "rotat_age": 90, "sub_area": 3.7, "prot_categ": "OCH WOD", "adr_for": "16-01-1-01-14    -b   -00", "a_i_num": 1601010253, "site_type": "BMWYŻ", "stand_stru": "DRZEW", "species_cd": "SO", "part_cd": "10", "spec_age": 64, "a_year": 2025, "nazwa": "BDL_16_01_BARYCZ_2025" }, "geometry": { "type": "MultiPolygon", "coordinates": [ [ [ [ 20.501565188664131, 51.296649423754211 ], [ 20.501521207128548, 51.296717453399864 ], [ 20.501130413182619, 51.297321648874153 ], [ 20.501270828141788, 51.297315530698178 ], [ 20.501889072597436, 51.297288261524805 ], [ 20.502982783402427, 51.297031350446225 ], [ 20.503347244058251, 51.297167899243412 ], [ 20.502775444536724, 51.297835233237379 ], [ 20.501934012861486, 51.298159610203946 ], [ 20.501335425873378, 51.298094874314543 ], [ 20.500974966682627, 51.297759919183655 ], [ 20.500974422309127, 51.297760825703435 ], [ 20.500894233837872, 51.297686652054963 ], [ 20.500564214025626, 51.298196963901233 ], [ 20.500660104504831, 51.298233425662623 ], [ 20.501412556845473, 51.298519458068434 ], [ 20.502023703763552, 51.298384154451661 ], [ 20.502256870018911, 51.298537952980006 ], [ 20.502501696543188, 51.298543447010495 ], [ 20.502926353537873, 51.298501835135021 ], [ 20.503377454680464, 51.298597691862042 ], [ 20.503729893784929, 51.298532806692613 ], [ 20.503641516746178, 51.298849320822683 ], [ 20.503442209929762, 51.298981054353952 ], [ 20.503862241548021, 51.299048073101297 ], [ 20.505027121003124, 51.299119191199892 ], [ 20.50500029919526, 51.298887004581239 ], [ 20.505125721515853, 51.2986856042127 ], [ 20.504742416541745, 51.298649062215397 ], [ 20.504313097488325, 51.2987148482826 ], [ 20.504301986339211, 51.298546147165318 ], [ 20.504040157139144, 51.298437518037652 ], [ 20.503811536561958, 51.298256138689652 ], [ 20.503895399431002, 51.298043039660236 ], [ 20.504208443211496, 51.298037309128972 ], [ 20.504367642954008, 51.297947378525066 ], [ 20.504644304257742, 51.297912879199806 ], [ 20.504828478371159, 51.297836389989889 ], [ 20.505005629984648, 51.297703139742453 ], [ 20.5046819619484, 51.297638394960991 ], [ 20.504667954200276, 51.297464513730311 ], [ 20.504433503765014, 51.297438291431789 ], [ 20.504687219265254, 51.297298930439581 ], [ 20.504704939996429, 51.297081733310776 ], [ 20.503465815883114, 51.296932406001062 ], [ 20.503467580409975, 51.296854662970794 ], [ 20.501565188664131, 51.296649423754211 ] ] ] ] } },
{ "type": "Feature", "properties": { "area_type": "D-STAN", "silvicult": "O", "forest_fun": "OCHR", "rotat_age": 90, "sub_area": 1.43, "prot_categ": "OCH WOD", "adr_for": "16-01-1-01-14    -c   -00", "a_i_num": 1601010255, "site_type": "LMWYŻW", "stand_stru": "DRZEW", "species_cd": "SO", "part_cd": "10", "spec_age": 46, "a_year": 2025, "nazwa": "BDL_16_01_BARYCZ_2025" }, "geometry": { "type": "MultiPolygon", "coordinates": [ [ [ [ 20.50580356003028, 51.297212255168567 ], [ 20.505779600993424, 51.297238650011188 ], [ 20.504880989839986, 51.298226745662319 ], [ 20.505735217439934, 51.298465025888142 ], [ 20.505915875944538, 51.298859849879271 ], [ 20.507556147592005, 51.297297736638029 ], [ 20.50761779014638, 51.297239102374242 ], [ 20.507451857899486, 51.297241508776828 ], [ 20.506492547202136, 51.297255385448842 ], [ 20.505949574401008, 51.297263270200027 ], [ 20.50580356003028, 51.297212255168567 ] ] ] ] } },
{ "type": "Feature", "properties": { "area_type": "D-STAN", "silvicult": "O", "forest_fun": "OCHR", "rotat_age": 90, "sub_area": 1.26, "prot_categ": "OCH WOD", "adr_for": "16-01-1-01-14    -d   -00", "a_i_num": 1601010257, "site_type": "BMWYŻ", "stand_stru": "DRZEW", "species_cd": "SO", "part_cd": "8", "spec_age": 60, "a_year": 2025, "nazwa": "BDL_16_01_BARYCZ_2025" }, "geometry": { "type": "MultiPolygon", "coordinates": [ [ [ [ 20.502982783402427, 51.297031350446225 ], [ 20.501889072597436, 51.297288261524805 ], [ 20.501270828141788, 51.297315530698178 ], [ 20.501130413182619, 51.297321648874153 ], [ 20.500894233837872, 51.297686652054963 ], [ 20.500974422309127, 51.297760825703435 ], [ 20.500974966682627, 51.297759919183655 ], [ 20.501335425873378, 51.298094874314543 ], [ 20.501934012861486, 51.298159610203946 ], [ 20.502775444536724, 51.297835233237379 ], [ 20.503347244058251, 51.297167899243412 ], [ 20.502982783402427, 51.297031350446225 ] ] ] ] } },
{ "type": "Feature", "properties": { "area_type": "D-STAN", "silvicult": "O", "forest_fun": "OCHR", "rotat_age": 80, "sub_area": 5.48, "prot_categ": "OCH WOD", "adr_for": "16-01-1-01-14    -f   -00", "a_i_num": 1601010259, "site_type": "LMWYŻW", "stand_stru": "KO", "species_cd": "BRZ", "part_cd": "5", "spec_age": 61, "a_year": 2025, "nazwa": "BDL_16_01_BARYCZ_2025" }, "geometry": { "type": "MultiPolygon", "coordinates": [ [ [ [ 20.505452740069703, 51.294716580546023 ], [ 20.505349969292155, 51.294772324253003 ], [ 20.505176851064832, 51.294866213311202 ], [ 20.505180459448482, 51.294976540697249 ], [ 20.504477490482902, 51.295579903192916 ], [ 20.505684464723512, 51.297155136709648 ], [ 20.505700508302471, 51.297176249518806 ], [ 20.50580356003028, 51.297212255168567 ], [ 20.505949574401008, 51.297263270200027 ], [ 20.506492547202136, 51.297255385448842 ], [ 20.507451857899486, 51.297241508776828 ], [ 20.50761779014638, 51.297239102374242 ], [ 20.507631146389965, 51.297226336806034 ], [ 20.507869494561355, 51.296999281517309 ], [ 20.508085830923235, 51.296792389127532 ], [ 20.509219793267818, 51.295707952129277 ], [ 20.505452740069703, 51.294716580546023 ] ] ] ] } },
{ "type": "Feature", "properties": { "area_type": "D-STAN", "silvicult": "O", "forest_fun": "OCHR", "rotat_age": 80, "sub_area": 2.14, "prot_categ": "OCH WOD", "adr_for": "16-01-1-01-14    -g   -00", "a_i_num": 1601010261, "site_type": "BMWYŻ", "stand_stru": "DRZEW", "species_cd": "BRZ", "part_cd": "4", "spec_age": 61, "a_year": 2025, "nazwa": "BDL_16_01_BARYCZ_2025" }, "geometry": { "type": "MultiPolygon", "coordinates": [ [ [ [ 20.503842697330214, 51.295574205637251 ], [ 20.503477683263586, 51.296180147055118 ], [ 20.502097831149534, 51.296501093546709 ], [ 20.501971517447497, 51.296262176694661 ], [ 20.501972064718846, 51.296261360086795 ], [ 20.501902429851246, 51.296128041818427 ], [ 20.501573523726339, 51.296636633325527 ], [ 20.501565188664131, 51.296649423754211 ], [ 20.503467580409975, 51.296854662970794 ], [ 20.503465815883114, 51.296932406001062 ], [ 20.504704939996429, 51.297081733310776 ], [ 20.504709851582074, 51.296981821089297 ], [ 20.504711432174773, 51.296981890729867 ], [ 20.504714486963454, 51.29693489540692 ], [ 20.505063912393013, 51.296953792179323 ], [ 20.505700508302471, 51.297176249518806 ], [ 20.505684464723512, 51.297155136709648 ], [ 20.504477490482902, 51.295579903192916 ], [ 20.503842697330214, 51.295574205637251 ] ] ] ] } },
{ "type": "Feature", "properties": { "area_type": "D-STAN", "silvicult": "O", "forest_fun": "OCHR", "rotat_age": 90, "sub_area": 3.15, "prot_categ": "OCH WOD", "adr_for": "16-01-1-01-14    -h   -00", "a_i_num": 1601010263, "site_type": "BMWYŻ", "stand_stru": "DRZEW", "species_cd": "SO", "part_cd": "9", "spec_age": 63, "a_year": 2025, "nazwa": "BDL_16_01_BARYCZ_2025" }, "geometry": { "type": "MultiPolygon", "coordinates": [ [ [ [ 20.503199011375258, 51.294123415268075 ], [ 20.503126763334411, 51.294235166393221 ], [ 20.502982394947178, 51.294458217088845 ], [ 20.502813993681688, 51.294718637191792 ], [ 20.502149790283866, 51.295745621790346 ], [ 20.501902429851246, 51.296128041818427 ], [ 20.501972064718846, 51.296261360086795 ], [ 20.501971517447497, 51.296262176694661 ], [ 20.502097831149534, 51.296501093546709 ], [ 20.503477683263586, 51.296180147055118 ], [ 20.503842697330214, 51.295574205637251 ], [ 20.504477490482902, 51.295579903192916 ], [ 20.505180459448482, 51.294976540697249 ], [ 20.505176851064832, 51.294866213311202 ], [ 20.505349969292155, 51.294772324253003 ], [ 20.505452740069703, 51.294716580546023 ], [ 20.504264726123768, 51.294403967560164 ], [ 20.503361820883853, 51.294166301889703 ], [ 20.503199011375258, 51.294123415268075 ] ] ] ] } },
{ "type": "Feature", "properties": { "area_type": "D-STAN", "silvicult": "O", "forest_fun": "OCHR", "rotat_age": 90, "sub_area": 6.75, "prot_categ": "OCH WOD", "adr_for": "16-01-1-01-15    -a   -00", "a_i_num": 1601010266, "site_type": "BMWYŻ", "stand_stru": "DRZEW", "species_cd": "SO", "part_cd": "7", "spec_age": 63, "a_year": 2025, "nazwa": "BDL_16_01_BARYCZ_2025" }, "geometry": { "type": "MultiPolygon", "coordinates": [ [ [ [ 20.497576193098471, 51.296251104120174 ], [ 20.497219423114327, 51.296742678423264 ], [ 20.496936202007547, 51.296968036676219 ], [ 20.496506475281254, 51.297541769969591 ], [ 20.497323418240523, 51.297610484769685 ], [ 20.497596924333259, 51.298347488535271 ], [ 20.49744542965901, 51.298859825507179 ], [ 20.497439481508575, 51.298879871380912 ], [ 20.497432535149038, 51.298904517677443 ], [ 20.498455942491308, 51.298954302235629 ], [ 20.50002490094144, 51.299030552644112 ], [ 20.500053315591217, 51.298986650831623 ], [ 20.500564214025626, 51.298196963901233 ], [ 20.500894233837872, 51.297686652054963 ], [ 20.501130413182619, 51.297321648874153 ], [ 20.501521207128548, 51.296717453399864 ], [ 20.501565188664131, 51.296649423754211 ], [ 20.500839532868419, 51.296546195462867 ], [ 20.500577204953576, 51.296487669477841 ], [ 20.500237932548281, 51.296410338972407 ], [ 20.499791872056701, 51.296362621072127 ], [ 20.498320525822095, 51.296324608637079 ], [ 20.497576193098471, 51.296251104120174 ] ] ] ] } },
{ "type": "Feature", "properties": { "area_type": "D-STAN", "silvicult": "O", "forest_fun": "OCHR", "rotat_age": 100, "sub_area": 4.36, "prot_categ": "OCH WOD", "adr_for": "16-01-1-01-15    -b   -00", "a_i_num": 1601010268, "site_type": "LMW", "stand_stru": "DRZEW", "species_cd": "MD", "part_cd": "3", "spec_age": 63, "a_year": 2025, "nazwa": "BDL_16_01_BARYCZ_2025" }, "geometry": { "type": "MultiPolygon", "coordinates": [ [ [ [ 20.497190522585061, 51.295889653582968 ], [ 20.496644615570816, 51.296106855915419 ], [ 20.496618837579856, 51.296117170336885 ], [ 20.496105713314986, 51.296045378381109 ], [ 20.496069114937594, 51.296040628708838 ], [ 20.496058162356057, 51.296039149488365 ], [ 20.494750899977138, 51.298265027990752 ], [ 20.49461874296065, 51.298490160935515 ], [ 20.494502349251576, 51.298688196253643 ], [ 20.494514275235375, 51.298715210140543 ], [ 20.494517374526698, 51.298722276947565 ], [ 20.494523576977052, 51.298763036903985 ], [ 20.494552031443348, 51.298764382815925 ], [ 20.49459385111026, 51.298766367697908 ], [ 20.494713280262921, 51.298772219325016 ], [ 20.494887036685295, 51.298780795459244 ], [ 20.497432535149038, 51.298904517677443 ], [ 20.497439481508575, 51.298879871380912 ], [ 20.49744542965901, 51.298859825507179 ], [ 20.497596924333259, 51.298347488535271 ], [ 20.497323418240523, 51.297610484769685 ], [ 20.496506475281254, 51.297541769969591 ], [ 20.496936202007547, 51.296968036676219 ], [ 20.497219423114327, 51.296742678423264 ], [ 20.497576193098471, 51.296251104120174 ], [ 20.498320525822095, 51.296324608637079 ], [ 20.498329189562821, 51.296313073593765 ], [ 20.498331665752989, 51.296309803557463 ], [ 20.498447718466899, 51.296154856631368 ], [ 20.498503800594762, 51.296035309486989 ], [ 20.498508290499444, 51.29603219358146 ], [ 20.497190522585061, 51.295889653582968 ] ] ] ] } },
{ "type": "Feature", "properties": { "area_type": "D-STAN", "silvicult": "O", "forest_fun": "OCHR", "rotat_age": 90, "sub_area": 3.33, "prot_categ": "OCH WOD", "adr_for": "16-01-1-01-15    -c   -00", "a_i_num": 1601010270, "site_type": "BMWYŻ", "stand_stru": "DRZEW", "species_cd": "SO", "part_cd": "8", "spec_age": 63, "a_year": 2025, "nazwa": "BDL_16_01_BARYCZ_2025" }, "geometry": { "type": "MultiPolygon", "coordinates": [ [ [ [ 20.500126364471221, 51.29466036173806 ], [ 20.499477868250775, 51.295013103435359 ], [ 20.499192686738823, 51.295565205770387 ], [ 20.498508290499444, 51.29603219358146 ], [ 20.498503800594762, 51.296035309486989 ], [ 20.498447718466899, 51.296154856631368 ], [ 20.498331665752989, 51.296309803557463 ], [ 20.498329189562821, 51.296313073593765 ], [ 20.498320525822095, 51.296324608637079 ], [ 20.499791872056701, 51.296362621072127 ], [ 20.500237932548281, 51.296410338972407 ], [ 20.500577204953576, 51.296487669477841 ], [ 20.500839532868419, 51.296546195462867 ], [ 20.501565188664131, 51.296649423754211 ], [ 20.501573523726339, 51.296636633325527 ], [ 20.501902429851246, 51.296128041818427 ], [ 20.502149790283866, 51.295745621790346 ], [ 20.501906937991297, 51.295615515284027 ], [ 20.501574554101332, 51.295881095407225 ], [ 20.50144902588676, 51.29571449103684 ], [ 20.501811100664003, 51.295387091734412 ], [ 20.501450125412521, 51.294873045922948 ], [ 20.500126364471221, 51.29466036173806 ] ] ] ] } },
{ "type": "Feature", "properties": { "area_type": "D-STAN", "silvicult": "O", "forest_fun": "OCHR", "rotat_age": 90, "sub_area": 5.61, "prot_categ": "OCH WOD", "adr_for": "16-01-1-01-15    -d   -00", "a_i_num": 1601010272, "site_type": "LMW", "stand_stru": "DRZEW", "species_cd": "SO", "part_cd": "5", "spec_age": 49, "a_year": 2025, "nazwa": "BDL_16_01_BARYCZ_2025" }, "geometry": { "type": "MultiPolygon", "coordinates": [ [ [ [ 20.499279892182805, 51.293961196495729 ], [ 20.498377732413324, 51.294234512384101 ], [ 20.498077781674329, 51.294059881795782 ], [ 20.497202154239279, 51.294121456907739 ], [ 20.497183545449953, 51.294122774324883 ], [ 20.496969571178855, 51.294487215886555 ], [ 20.496081954304952, 51.295998635997726 ], [ 20.496066182777703, 51.296025463936793 ], [ 20.496058162356057, 51.296039149488365 ], [ 20.496069114937594, 51.296040628708838 ], [ 20.496105713314986, 51.296045378381109 ], [ 20.496618837579856, 51.296117170336885 ], [ 20.496644615570816, 51.296106855915419 ], [ 20.497190522585061, 51.295889653582968 ], [ 20.498508290499444, 51.29603219358146 ], [ 20.499192686738823, 51.295565205770387 ], [ 20.499477868250775, 51.295013103435359 ], [ 20.500126364471221, 51.29466036173806 ], [ 20.501450125412521, 51.294873045922948 ], [ 20.501811100664003, 51.295387091734412 ], [ 20.50144902588676, 51.29571449103684 ], [ 20.501574554101332, 51.295881095407225 ], [ 20.501906937991297, 51.295615515284027 ], [ 20.502149790283866, 51.295745621790346 ], [ 20.502813993681688, 51.294718637191792 ], [ 20.501740395242162, 51.294328338811368 ], [ 20.501229085062402, 51.294364581017099 ], [ 20.499279892182805, 51.293961196495729 ] ] ] ] } },
{ "type": "Feature", "properties": { "area_type": "D-STAN", "silvicult": "O", "forest_fun": "OCHR", "rotat_age": 90, "sub_area": 3.38, "prot_categ": "OCH WOD", "adr_for": "16-01-1-01-15    -f   -00", "a_i_num": 1601010274, "site_type": "BMW", "stand_stru": "DRZEW", "species_cd": "SO", "part_cd": "10", "spec_age": 55, "a_year": 2025, "nazwa": "BDL_16_01_BARYCZ_2025" }, "geometry": { "type": "MultiPolygon", "coordinates": [ [ [ [ 20.497921832776779, 51.292865487158323 ], [ 20.497183545449953, 51.294122774324883 ], [ 20.497202154239279, 51.294121456907739 ], [ 20.498077781674329, 51.294059881795782 ], [ 20.498377732413324, 51.294234512384101 ], [ 20.499279892182805, 51.293961196495729 ], [ 20.501229085062402, 51.294364581017099 ], [ 20.501740395242162, 51.294328338811368 ], [ 20.502813993681688, 51.294718637191792 ], [ 20.502982394947178, 51.294458217088845 ], [ 20.503126763334411, 51.294235166393221 ], [ 20.503199011375258, 51.294123415268075 ], [ 20.497921832776779, 51.292865487158323 ] ] ] ] } },
{ "type": "Feature", "properties": { "area_type": "D-STAN", "silvicult": "GPZ", "forest_fun": "GOSP", "rotat_age": 80, "sub_area": 1.06, "prot_categ": null, "adr_for": "16-01-1-01-16    -a   -00", "a_i_num": 1601010277, "site_type": "LMŚW", "stand_stru": "DRZEW", "species_cd": "BRZ", "part_cd": "3", "spec_age": 59, "a_year": 2025, "nazwa": "BDL_16_01_BARYCZ_2025" }, "geometry": { "type": "MultiPolygon", "coordinates": [ [ [ [ 20.495118250092428, 51.295969297736988 ], [ 20.495104970416751, 51.295971266399249 ], [ 20.4950167163198, 51.295984087390707 ], [ 20.49487876796525, 51.296004199421319 ], [ 20.494646639915203, 51.296252287821943 ], [ 20.494541006108467, 51.296481040157808 ], [ 20.49455432303569, 51.297156155258712 ], [ 20.494578634401901, 51.297162501519651 ], [ 20.494749390768558, 51.297207007795727 ], [ 20.494525762313916, 51.298622680725288 ], [ 20.494502349251576, 51.298688196253643 ], [ 20.49461874296065, 51.298490160935515 ], [ 20.494750899977138, 51.298265027990752 ], [ 20.496058162356057, 51.296039149488365 ], [ 20.49598236340168, 51.296033461423413 ], [ 20.495118250092428, 51.295969297736988 ] ] ] ] } },
{ "type": "Feature", "properties": { "area_type": "D-STAN", "silvicult": "GZ", "forest_fun": "GOSP", "rotat_age": 90, "sub_area": 8.72, "prot_categ": null, "adr_for": "16-01-1-01-16    -b   -00", "a_i_num": 1601010279, "site_type": "BMŚW", "stand_stru": "DRZEW", "species_cd": "SO", "part_cd": "8", "spec_age": 63, "a_year": 2025, "nazwa": "BDL_16_01_BARYCZ_2025" }, "geometry": { "type": "MultiPolygon", "coordinates": [ [ [ [ 20.491271978436085, 51.293033495851269 ], [ 20.491015225656191, 51.293451634136986 ], [ 20.49066049378154, 51.294029788252928 ], [ 20.490360810670893, 51.294518185959937 ], [ 20.490299356130002, 51.294618637316667 ], [ 20.491073862954693, 51.294730124102713 ], [ 20.492978734777083, 51.295807426426997 ], [ 20.492331218906269, 51.296577502392594 ], [ 20.492574757090733, 51.296640963959618 ], [ 20.49305372790678, 51.296765650140195 ], [ 20.493535885782403, 51.296891193255142 ], [ 20.494059433286786, 51.297027540443672 ], [ 20.494134389533293, 51.297047003482994 ], [ 20.494482694394652, 51.297137549552517 ], [ 20.494538842316935, 51.297152214983825 ], [ 20.49455432303569, 51.297156155258712 ], [ 20.494541006108467, 51.296481040157808 ], [ 20.494646639915203, 51.296252287821943 ], [ 20.49487876796525, 51.296004199421319 ], [ 20.4950167163198, 51.295984087390707 ], [ 20.495104970416751, 51.295971266399249 ], [ 20.495118250092428, 51.295969297736988 ], [ 20.49598236340168, 51.296033461423413 ], [ 20.496058162356057, 51.296039149488365 ], [ 20.496066182777703, 51.296025463936793 ], [ 20.496081954304952, 51.295998635997726 ], [ 20.496969571178855, 51.294487215886555 ], [ 20.496905225091076, 51.294458623602516 ], [ 20.496209232899538, 51.294149892143459 ], [ 20.496117096354325, 51.294149090577079 ], [ 20.494040866491346, 51.29413098650241 ], [ 20.49354387474995, 51.294086863310227 ], [ 20.492556954504902, 51.294088024869758 ], [ 20.492166808042757, 51.29409119884631 ], [ 20.492117894856907, 51.29409155237127 ], [ 20.491950373068466, 51.293907392358172 ], [ 20.491756819413631, 51.293632710177803 ], [ 20.491495633929304, 51.293249954889269 ], [ 20.491431919828859, 51.293156584625379 ], [ 20.491271978436085, 51.293033495851269 ] ] ] ] } },
{ "type": "Feature", "properties": { "area_type": "D-STAN", "silvicult": "GZ", "forest_fun": "GOSP", "rotat_age": 90, "sub_area": 2.91, "prot_categ": null, "adr_for": "16-01-1-01-16    -c   -00", "a_i_num": 1601010281, "site_type": "BMŚW", "stand_stru": "DRZEW", "species_cd": "SO", "part_cd": "10", "spec_age": 45, "a_year": 2025, "nazwa": "BDL_16_01_BARYCZ_2025" }, "geometry": { "type": "MultiPolygon", "coordinates": [ [ [ [ 20.490299356130002, 51.294618637316667 ], [ 20.489547716989922, 51.295843031714561 ], [ 20.489724618366129, 51.295891515037894 ], [ 20.490074822906507, 51.295983669163085 ], [ 20.490533277597621, 51.296104398874505 ], [ 20.491024579761611, 51.296233613939947 ], [ 20.491536293653244, 51.296368323980694 ], [ 20.492053796955275, 51.296504487234827 ], [ 20.492331218906269, 51.296577502392594 ], [ 20.492978734777083, 51.295807426426997 ], [ 20.491073862954693, 51.294730124102713 ], [ 20.490299356130002, 51.294618637316667 ] ] ] ] } },
{ "type": "Feature", "properties": { "area_type": "D-STAN", "silvicult": "S", "forest_fun": "OCHR", "rotat_age": 90, "sub_area": 2.68, "prot_categ": "OCH OSTOJ", "adr_for": "16-01-1-01-16    -f   -00", "a_i_num": 1601010287, "site_type": "LMW", "stand_stru": "DRZEW", "species_cd": "SO", "part_cd": "7", "spec_age": 31, "a_year": 2025, "nazwa": "BDL_16_01_BARYCZ_2025" }, "geometry": { "type": "MultiPolygon", "coordinates": [ [ [ [ 20.492228876698775, 51.291474272888671 ], [ 20.491293097182311, 51.292998954345791 ], [ 20.491286964150937, 51.293008927414789 ], [ 20.491276881953056, 51.293025427479733 ], [ 20.491271978436085, 51.293033495851269 ], [ 20.491431919828859, 51.293156584625379 ], [ 20.491495633929304, 51.293249954889269 ], [ 20.491528034684872, 51.293240366804852 ], [ 20.492297395003394, 51.29301233431103 ], [ 20.492416818526085, 51.293106972976425 ], [ 20.493803139434686, 51.292787497016221 ], [ 20.49388634103034, 51.292689914651952 ], [ 20.493943008647356, 51.292623525069985 ], [ 20.494011975498875, 51.292542675806686 ], [ 20.494519149998208, 51.292406039096193 ], [ 20.49515871349103, 51.292233167157882 ], [ 20.495241909483738, 51.29221060561818 ], [ 20.493738779014492, 51.29184326026963 ], [ 20.492341239477362, 51.291501715954524 ], [ 20.492228876698775, 51.291474272888671 ] ] ] ] } },
{ "type": "Feature", "properties": { "area_type": "D-STAN", "silvicult": "GZ", "forest_fun": "GOSP", "rotat_age": 90, "sub_area": 3.48, "prot_categ": null, "adr_for": "16-01-1-01-17    -a   -00", "a_i_num": 1601010290, "site_type": "BMŚW", "stand_stru": "DRZEW", "species_cd": "SO", "part_cd": "7", "spec_age": 42, "a_year": 2025, "nazwa": "BDL_16_01_BARYCZ_2025" }, "geometry": { "type": "MultiPolygon", "coordinates": [ [ [ [ 20.486583547107209, 51.293274827672725 ], [ 20.48628338727298, 51.293736324624213 ], [ 20.485953091879722, 51.293700127814958 ], [ 20.485653521800234, 51.293482372792766 ], [ 20.485654206938925, 51.293481374604525 ], [ 20.48557867851088, 51.293426111724578 ], [ 20.485529516020314, 51.293516509639993 ], [ 20.485746188417028, 51.293717416139614 ], [ 20.486111229274904, 51.294007652434267 ], [ 20.486342126539782, 51.294444506574465 ], [ 20.48622514393012, 51.294589558237021 ], [ 20.486326043529228, 51.294835021214801 ], [ 20.486043358581444, 51.294918308807311 ], [ 20.486282410350579, 51.294981120716621 ], [ 20.486825348213127, 51.295123910551581 ], [ 20.487294050124184, 51.295247041470148 ], [ 20.487656543174179, 51.295342374990511 ], [ 20.487838457443605, 51.295390707501241 ], [ 20.488236009148086, 51.295496388191815 ], [ 20.488713159043382, 51.29562318413879 ], [ 20.489103769450839, 51.295727061122221 ], [ 20.489547716989922, 51.295843031714561 ], [ 20.490299356130002, 51.294618637316667 ], [ 20.490360810670893, 51.294518185959937 ], [ 20.489189525378695, 51.294297950109041 ], [ 20.488637215359994, 51.294056071090452 ], [ 20.488587038456412, 51.293910893566185 ], [ 20.48819123409325, 51.293770109812471 ], [ 20.488257145010685, 51.293705314672707 ], [ 20.48817883066296, 51.293564002849372 ], [ 20.488007591139681, 51.293530557539952 ], [ 20.487149802100376, 51.29331396269589 ], [ 20.486583547107209, 51.293274827672725 ] ], [ [ 20.487112808380914, 51.293900752993963 ], [ 20.489192654092211, 51.294359169016872 ], [ 20.488608488490517, 51.295026500659624 ], [ 20.488342898506016, 51.295101480599982 ], [ 20.487967706878099, 51.29516364017465 ], [ 20.487701880281492, 51.295084890240418 ], [ 20.487352613250717, 51.295101291642936 ], [ 20.487217964434361, 51.2949393757536 ], [ 20.487144921075814, 51.294890109230209 ], [ 20.487189868574177, 51.294309694674602 ], [ 20.487012533246123, 51.294251947794628 ], [ 20.487112808380914, 51.293900752993963 ] ] ] ] } },
{ "type": "Feature", "properties": { "area_type": "SZCZ CHR", "silvicult": "S", "forest_fun": "OCHR", "rotat_age": 90, "sub_area": 0.84, "prot_categ": "OCH CENNE", "adr_for": "16-01-1-01-17    -c   -00", "a_i_num": 1601010292, "site_type": "BMB", "stand_stru": null, "species_cd": null, "part_cd": null, "spec_age": 0, "a_year": 2025, "nazwa": "BDL_16_01_BARYCZ_2025" }, "geometry": { "type": "MultiPolygon", "coordinates": [ [ [ [ 20.487112808380914, 51.293900752993963 ], [ 20.487012533246123, 51.294251947794628 ], [ 20.487189868574177, 51.294309694674602 ], [ 20.487144921075814, 51.294890109230209 ], [ 20.487217964434361, 51.2949393757536 ], [ 20.48738297707256, 51.294620191623387 ], [ 20.487590550373049, 51.294503672621829 ], [ 20.487658567234405, 51.294388566775559 ], [ 20.487873651474597, 51.294393479719055 ], [ 20.488329108022345, 51.294541961939991 ], [ 20.488343842857205, 51.294731397726203 ], [ 20.488415606827218, 51.294843107868552 ], [ 20.488342898506016, 51.295101480599982 ], [ 20.488608488490517, 51.295026500659624 ], [ 20.489192654092211, 51.294359169016872 ], [ 20.487112808380914, 51.293900752993963 ] ] ] ] } },
{ "type": "Feature", "properties": { "area_type": "D-STAN", "silvicult": "GZ", "forest_fun": "GOSP", "rotat_age": 90, "sub_area": 0.89, "prot_categ": null, "adr_for": "16-01-1-01-17    -d   -00", "a_i_num": 1601010294, "site_type": "BMŚW", "stand_stru": "DRZEW", "species_cd": "SO", "part_cd": "8", "spec_age": 62, "a_year": 2025, "nazwa": "BDL_16_01_BARYCZ_2025" }, "geometry": { "type": "MultiPolygon", "coordinates": [ [ [ [ 20.485529516020314, 51.293516509639993 ], [ 20.484926528921523, 51.294624566374871 ], [ 20.485201756950275, 51.294696996497926 ], [ 20.485706629758447, 51.294829749743535 ], [ 20.486043358581444, 51.294918308807311 ], [ 20.486326043529228, 51.294835021214801 ], [ 20.48622514393012, 51.294589558237021 ], [ 20.486342126539782, 51.294444506574465 ], [ 20.486111229274904, 51.294007652434267 ], [ 20.485746188417028, 51.293717416139614 ], [ 20.485529516020314, 51.293516509639993 ] ] ] ] } },
{ "type": "Feature", "properties": { "area_type": "D-STAN", "silvicult": "GPZ", "forest_fun": "GOSP", "rotat_age": 80, "sub_area": 3.49, "prot_categ": null, "adr_for": "16-01-1-01-17    -f   -00", "a_i_num": 1601010296, "site_type": "LMŚW", "stand_stru": "DRZEW", "species_cd": "BRZ", "part_cd": "8", "spec_age": 35, "a_year": 2025, "nazwa": "BDL_16_01_BARYCZ_2025" }, "geometry": { "type": "MultiPolygon", "coordinates": [ [ [ [ 20.48667173507415, 51.290102017713039 ], [ 20.485504437549626, 51.29197051800255 ], [ 20.485489024637243, 51.291995271018706 ], [ 20.484647422193586, 51.293342213420992 ], [ 20.483996778407089, 51.294383404123842 ], [ 20.484600541899681, 51.294539735926769 ], [ 20.484797891198106, 51.294590845901183 ], [ 20.484926528921523, 51.294624566374871 ], [ 20.485529516020314, 51.293516509639993 ], [ 20.48557867851088, 51.293426111724578 ], [ 20.486079651179981, 51.292505371164829 ], [ 20.486130708958299, 51.292411530682294 ], [ 20.486287541563033, 51.292270021086154 ], [ 20.486408458077879, 51.292295832028785 ], [ 20.486419516703009, 51.292278420451218 ], [ 20.486449829034427, 51.292230809724735 ], [ 20.486460345935228, 51.292214394515426 ], [ 20.487488705852737, 51.290597902216419 ], [ 20.48765035054797, 51.290343707050447 ], [ 20.48667173507415, 51.290102017713039 ] ] ] ] } },
{ "type": "Feature", "properties": { "area_type": "SUKCESJA", "silvicult": "GZ", "forest_fun": "GOSP", "rotat_age": 90, "sub_area": 0.62, "prot_categ": null, "adr_for": "16-01-1-01-17    -h   -00", "a_i_num": 1601010302, "site_type": "BMŚW", "stand_stru": null, "species_cd": null, "part_cd": null, "spec_age": 0, "a_year": 2025, "nazwa": "BDL_16_01_BARYCZ_2025" }, "geometry": { "type": "MultiPolygon", "coordinates": [ [ [ [ 20.486079651179981, 51.292505371164829 ], [ 20.48557867851088, 51.293426111724578 ], [ 20.485654206938925, 51.293481374604525 ], [ 20.485653521800234, 51.293482372792766 ], [ 20.485953091879722, 51.293700127814958 ], [ 20.48628338727298, 51.293736324624213 ], [ 20.486583547107209, 51.293274827672725 ], [ 20.48656710779672, 51.29299240082166 ], [ 20.486466283300388, 51.292971282415124 ], [ 20.486511698946437, 51.292827139143768 ], [ 20.486441223440494, 51.292639580216417 ], [ 20.486079651179981, 51.292505371164829 ] ] ] ] } },
{ "type": "Feature", "properties": { "area_type": "D-STAN", "silvicult": "S", "forest_fun": "OCHR", "rotat_age": 80, "sub_area": 5.53, "prot_categ": "OCH OSTOJ", "adr_for": "16-01-1-01-17    -j   -00", "a_i_num": 1601010306, "site_type": "LMW", "stand_stru": "DRZEW", "species_cd": "BRZ", "part_cd": "10", "spec_age": 35, "a_year": 2025, "nazwa": "BDL_16_01_BARYCZ_2025" }, "geometry": { "type": "MultiPolygon", "coordinates": [ [ [ [ 20.48765035054797, 51.290343707050447 ], [ 20.487488705852737, 51.290597902216419 ], [ 20.486460345935228, 51.292214394515426 ], [ 20.486449829034427, 51.292230809724735 ], [ 20.486419516703009, 51.292278420451218 ], [ 20.486408458077879, 51.292295832028785 ], [ 20.487419353580812, 51.292527218642334 ], [ 20.488156529258365, 51.29273230129899 ], [ 20.488466052381614, 51.292818410602578 ], [ 20.488479308038364, 51.292802410161897 ], [ 20.489312418613615, 51.291804209588321 ], [ 20.490202418968785, 51.2916913265056 ], [ 20.490261696290862, 51.291723135364023 ], [ 20.490671337529768, 51.292375664652027 ], [ 20.491194685385597, 51.292937239979999 ], [ 20.491271978436085, 51.293033495851269 ], [ 20.491276881953056, 51.293025427479733 ], [ 20.491286964150937, 51.293008927414789 ], [ 20.491293097182311, 51.292998954345791 ], [ 20.492228876698775, 51.291474272888671 ], [ 20.488559267986833, 51.290568103712509 ], [ 20.488406697372501, 51.290530463672738 ], [ 20.48765035054797, 51.290343707050447 ] ] ] ] } },
{ "type": "Feature", "properties": { "area_type": "D-STAN", "silvicult": "GPZ", "forest_fun": "GOSP", "rotat_age": 100, "sub_area": 2.96, "prot_categ": null, "adr_for": "16-01-1-01-18    -a   -00", "a_i_num": 1601010309, "site_type": "LMŚW", "stand_stru": "KO", "species_cd": "MD", "part_cd": "5", "spec_age": 59, "a_year": 2025, "nazwa": "BDL_16_01_BARYCZ_2025" }, "geometry": { "type": "MultiPolygon", "coordinates": [ [ [ [ 20.480578529610352, 51.292457948147479 ], [ 20.480050022989644, 51.292646337566836 ], [ 20.47997192527566, 51.293175714512039 ], [ 20.479970628201304, 51.293184456444088 ], [ 20.479800627485517, 51.293166995307182 ], [ 20.47953548136687, 51.293139851896875 ], [ 20.4790903805903, 51.293111383294239 ], [ 20.479337338999851, 51.293175278835392 ], [ 20.479794220289612, 51.293293461626703 ], [ 20.480250817068367, 51.293411646240052 ], [ 20.480777005717218, 51.293547839259553 ], [ 20.48134384991798, 51.293694489921812 ], [ 20.481923571610015, 51.293844393107364 ], [ 20.481930662625572, 51.293846282340517 ], [ 20.482032374954724, 51.293872700697172 ], [ 20.482451958905809, 51.293981720204606 ], [ 20.482994382304707, 51.294122645206528 ], [ 20.483407025933943, 51.294229860182519 ], [ 20.483931236804686, 51.294366423962806 ], [ 20.483996778407089, 51.294383404123842 ], [ 20.484647422193586, 51.293342213420992 ], [ 20.484569997902746, 51.293339327174465 ], [ 20.483864984846402, 51.293312822832256 ], [ 20.483319932276153, 51.293388364527949 ], [ 20.483273780734844, 51.29338535107329 ], [ 20.482519601683645, 51.293337962498356 ], [ 20.482575930295955, 51.293086817278343 ], [ 20.48195289997194, 51.292937285631844 ], [ 20.481331935467814, 51.292856269490471 ], [ 20.480578529610352, 51.292457948147479 ] ] ] ] } },
{ "type": "Feature", "properties": { "area_type": "D-STAN", "silvicult": "GPZ", "forest_fun": "GOSP", "rotat_age": 90, "sub_area": 1.48, "prot_categ": null, "adr_for": "16-01-1-01-18    -b   -00", "a_i_num": 1601010311, "site_type": "LMŚW", "stand_stru": "DRZEW", "species_cd": "SO", "part_cd": "10", "spec_age": 55, "a_year": 2025, "nazwa": "BDL_16_01_BARYCZ_2025" }, "geometry": { "type": "MultiPolygon", "coordinates": [ [ [ [ 20.484231068931681, 51.291682803172542 ], [ 20.483273780734844, 51.29338535107329 ], [ 20.483319932276153, 51.293388364527949 ], [ 20.483864984846402, 51.293312822832256 ], [ 20.484569997902746, 51.293339327174465 ], [ 20.484647422193586, 51.293342213420992 ], [ 20.485489024637243, 51.291995271018706 ], [ 20.485416579091048, 51.291977659661384 ], [ 20.48541616917851, 51.291978294540463 ], [ 20.485315406679931, 51.291954565697665 ], [ 20.484231068931681, 51.291682803172542 ] ] ] ] } },
{ "type": "Feature", "properties": { "area_type": "D-STAN", "silvicult": "GPZ", "forest_fun": "GOSP", "rotat_age": 80, "sub_area": 11.71, "prot_categ": null, "adr_for": "16-01-1-01-18    -c   -00", "a_i_num": 1601010313, "site_type": "LMŚW", "stand_stru": "DRZEW", "species_cd": "BRZ", "part_cd": "3", "spec_age": 55, "a_year": 2025, "nazwa": "BDL_16_01_BARYCZ_2025" }, "geometry": { "type": "MultiPolygon", "coordinates": [ [ [ [ 20.480919136664056, 51.288935718374596 ], [ 20.479956696714176, 51.290475667903614 ], [ 20.479805379764834, 51.290717757821788 ], [ 20.478418225130895, 51.292937356330086 ], [ 20.478434864826625, 51.292941733861717 ], [ 20.478559282449183, 51.29297389541928 ], [ 20.478612956340857, 51.292987790112562 ], [ 20.478885522799658, 51.293058379598484 ], [ 20.478890295859472, 51.293059578662643 ], [ 20.479058985548171, 51.293103234286832 ], [ 20.4790903805903, 51.293111383294239 ], [ 20.47953548136687, 51.293139851896875 ], [ 20.479800627485517, 51.293166995307182 ], [ 20.479970628201304, 51.293184456444088 ], [ 20.47997192527566, 51.293175714512039 ], [ 20.480050022989644, 51.292646337566836 ], [ 20.480578529610352, 51.292457948147479 ], [ 20.481331935467814, 51.292856269490471 ], [ 20.48195289997194, 51.292937285631844 ], [ 20.482575930295955, 51.293086817278343 ], [ 20.482519601683645, 51.293337962498356 ], [ 20.483273780734844, 51.29338535107329 ], [ 20.484231068931681, 51.291682803172542 ], [ 20.485315406679931, 51.291954565697665 ], [ 20.48541616917851, 51.291978294540463 ], [ 20.485416579091048, 51.291977659661384 ], [ 20.485489024637243, 51.291995271018706 ], [ 20.485504437549626, 51.29197051800255 ], [ 20.48667173507415, 51.290102017713039 ], [ 20.48572866493539, 51.289867875064409 ], [ 20.484543575234063, 51.291221334718969 ], [ 20.484176505978716, 51.291125240096761 ], [ 20.483966224298857, 51.291237649579784 ], [ 20.483556476316274, 51.291041435400572 ], [ 20.48318013473806, 51.291120505719924 ], [ 20.483148928720038, 51.291127107877145 ], [ 20.482691297453609, 51.290989697532929 ], [ 20.481895379687128, 51.290870060873679 ], [ 20.481903290569015, 51.290852869475685 ], [ 20.482145548136099, 51.290329958457427 ], [ 20.481422482657972, 51.290146698352309 ], [ 20.48158855168759, 51.28965011951145 ], [ 20.482283200682016, 51.289726333222809 ], [ 20.481658541814642, 51.289163751767397 ], [ 20.480992472095934, 51.28895889838887 ], [ 20.48099274732315, 51.288958535091062 ], [ 20.480919136664056, 51.288935718374596 ] ] ] ] } },
{ "type": "Feature", "properties": { "area_type": "D-STAN", "silvicult": "GPZ", "forest_fun": "GOSP", "rotat_age": 80, "sub_area": 4.79, "prot_categ": null, "adr_for": "16-01-1-01-18    -d   -00", "a_i_num": 1601010315, "site_type": "LMŚW", "stand_stru": "DRZEW", "species_cd": "BRZ", "part_cd": "6", "spec_age": 35, "a_year": 2025, "nazwa": "BDL_16_01_BARYCZ_2025" }, "geometry": { "type": "MultiPolygon", "coordinates": [ [ [ [ 20.481060614963042, 51.288709223456927 ], [ 20.480919136664056, 51.288935718374596 ], [ 20.48099274732315, 51.288958535091062 ], [ 20.480992472095934, 51.28895889838887 ], [ 20.481658541814642, 51.289163751767397 ], [ 20.482283200682016, 51.289726333222809 ], [ 20.48158855168759, 51.28965011951145 ], [ 20.481422482657972, 51.290146698352309 ], [ 20.482145548136099, 51.290329958457427 ], [ 20.481903290569015, 51.290852869475685 ], [ 20.481895379687128, 51.290870060873679 ], [ 20.482691297453609, 51.290989697532929 ], [ 20.483148928720038, 51.291127107877145 ], [ 20.48318013473806, 51.291120505719924 ], [ 20.483556476316274, 51.291041435400572 ], [ 20.483966224298857, 51.291237649579784 ], [ 20.484176505978716, 51.291125240096761 ], [ 20.484543575234063, 51.291221334718969 ], [ 20.48572866493539, 51.289867875064409 ], [ 20.483933812851028, 51.289422427759177 ], [ 20.4825874417003, 51.289088214795676 ], [ 20.481060614963042, 51.288709223456927 ] ] ] ] } },
{ "type": "Feature", "properties": { "area_type": "D-STAN", "silvicult": "GPZ", "forest_fun": "GOSP", "rotat_age": 100, "sub_area": 1.24, "prot_categ": null, "adr_for": "16-01-1-01-19    -a   -00", "a_i_num": 1601010318, "site_type": "LMŚW", "stand_stru": "KO", "species_cd": "MD", "part_cd": "9", "spec_age": 64, "a_year": 2025, "nazwa": "BDL_16_01_BARYCZ_2025" }, "geometry": { "type": "MultiPolygon", "coordinates": [ [ [ [ 20.479007831016194, 51.290466609431114 ], [ 20.478463684418877, 51.290967059914315 ], [ 20.478731401815946, 51.291132702383557 ], [ 20.477940616308238, 51.292347711234584 ], [ 20.478062289620858, 51.292843980488449 ], [ 20.478418225130895, 51.292937356330086 ], [ 20.479805379764834, 51.290717757821788 ], [ 20.479007831016194, 51.290466609431114 ] ] ] ] } }
]
}
