{"type": "FeatureCollection", "features": [{"type": "Feature", "id": 14546552, "geometry": {"type": "Polygon", "coordinates": [[[20.859578415386533, 51.132746181810475], [20.859280198203944, 51.13365826082132], [20.859275236766003, 51.13365932927994], [20.858832044969812, 51.13376029446081], [20.858475587567266, 51.1329697255526], [20.858474482660203, 51.13296713427702], [20.859578415386533, 51.132746181810475]]]}, "properties": {"subarea_id": 14546552, "arodes_int_num": 1613011025, "adress_forest": "16-13-2-08-81    -d   -00", "area_type_cd": "SUKCESJA  ", "site_type_cd": "LMWYŻŚW", "silviculture_cd": "GPZ  ", "forest_func_cd": "GOSP  ", "stand_struct_cd": null, "rotation_age": 140, "sub_area": 0.52, "prot_category_cd": null, "species_cd_d": null, "part_cd": null, "species_age": null, "a_year": 2025, "st_area(geom)": 5184.8288, "st_length(geom)": 309.60953344214886}}, {"type": "Feature", "id": 14547603, "geometry": {"type": "Polygon", "coordinates": [[[20.850073262991742, 51.1225316115306], [20.84831710449256, 51.12307459046547], [20.84918204956567, 51.124201065431336], [20.85054025664596, 51.12375442354289], [20.850632038247458, 51.12366876814362], [20.850674467645717, 51.12369670377337], [20.85087825310372, 51.12383102651134], [20.851098028890153, 51.12386470034788], [20.851167636186005, 51.12398243535773], [20.85124050788734, 51.12418180231794], [20.851314132794297, 51.12469313857912], [20.85152489205309, 51.12509462091642], [20.851578714319103, 51.12526082421964], [20.851495476150852, 51.125392134667365], [20.851414532102183, 51.12543425837345], [20.851122614872178, 51.12552362316222], [20.850811216366107, 51.12561203618386], [20.85056359800427, 51.1257081649367], [20.850333097630784, 51.12578908887977], [20.84978355199283, 51.12585661898746], [20.849662914300715, 51.12587139194764], [20.849476244307127, 51.12590799015143], [20.84936545847668, 51.125847310465105], [20.849267977215572, 51.12576896799502], [20.849233050235615, 51.12577140961513], [20.848744197017545, 51.12580513942991], [20.847032449493923, 51.12594545475478], [20.847002875893963, 51.12594592197229], [20.846772978721265, 51.12589521794119], [20.846698809163517, 51.12574174840545], [20.846647234843715, 51.12563506092987], [20.846036764851625, 51.12437194873928], [20.84586133090069, 51.1240090315779], [20.845679072728817, 51.12363263793149], [20.84577496369519, 51.123524341569684], [20.845910725944, 51.123361979377705], [20.84802087531039, 51.122941094918026], [20.848210770108583, 51.122903188541834], [20.850073262991742, 51.1225316115306]]]}, "properties": {"subarea_id": 14547603, "arodes_int_num": 1613018357, "adress_forest": "16-13-2-05-97    -d   -00", "area_type_cd": "D-STAN    ", "site_type_cd": "LMWYŻŚW", "silviculture_cd": "O    ", "forest_func_cd": "OCHR  ", "stand_struct_cd": "KO     ", "rotation_age": 100, "sub_area": 9.34, "prot_category_cd": "OCH MIAST", "species_cd_d": "SO       ", "part_cd": "10 ", "species_age": 112, "a_year": 2025, "st_area(geom)": 93225.12805, "st_length(geom)": 1566.0448696818598}}, {"type": "Feature", "id": 14549768, "geometry": {"type": "Polygon", "coordinates": [[[20.851414532102183, 51.12543425837345], [20.851953137435547, 51.12700533502344], [20.847714471011255, 51.1278430876902], [20.847209424149288, 51.12679799767988], [20.847070590945684, 51.12651088004673], [20.847028997819503, 51.126425085673816], [20.847357519946357, 51.12632840580368], [20.84824049018504, 51.12634413714435], [20.848364989694293, 51.12643320834065], [20.848497937577136, 51.126436683883526], [20.848496085275695, 51.126390293839954], [20.848956976801393, 51.126332808093046], [20.849153825118215, 51.12616443833558], [20.849376463853247, 51.12604765712294], [20.84936545847668, 51.125847310465105], [20.849476244307127, 51.12590799015143], [20.849662914300715, 51.12587139194764], [20.84978355199283, 51.12585661898746], [20.850333097630784, 51.12578908887977], [20.85056359800427, 51.1257081649367], [20.850811216366107, 51.12561203618386], [20.851122614872178, 51.12552362316222], [20.851414532102183, 51.12543425837345]]]}, "properties": {"subarea_id": 14549768, "arodes_int_num": 1613018356, "adress_forest": "16-13-2-05-97    -b   -00", "area_type_cd": "D-STAN    ", "site_type_cd": "LMWYŻŚW", "silviculture_cd": "O    ", "forest_func_cd": "OCHR  ", "stand_struct_cd": "KDO    ", "rotation_age": 100, "sub_area": 5.08, "prot_category_cd": "OCH MIAST", "species_cd_d": "SO       ", "part_cd": "10 ", "species_age": 112, "a_year": 2025, "st_area(geom)": 50624.0373, "st_length(geom)": 1025.116564220788}}, {"type": "Feature", "id": 14550536, "geometry": {"type": "Polygon", "coordinates": [[[20.855805648254773, 51.1269446053182], [20.856060907645457, 51.127492008041855], [20.854681118385656, 51.12775463792744], [20.854637188071745, 51.1276679836717], [20.854431799837585, 51.12720884730207], [20.855128935270315, 51.12707463217248], [20.855182922532098, 51.127094736184524], [20.85534751733968, 51.127063786840374], [20.85537736108751, 51.127027239264216], [20.855805648254773, 51.1269446053182]]]}, "properties": {"subarea_id": 14550536, "arodes_int_num": 1613017830, "adress_forest": "16-13-2-08-81    -n   -00", "area_type_cd": "D-STAN    ", "site_type_cd": "LMWYŻŚW", "silviculture_cd": "GPZ  ", "forest_func_cd": "GOSP  ", "stand_struct_cd": "DRZEW  ", "rotation_age": 100, "sub_area": 0.5700000000000001, "prot_category_cd": null, "species_cd_d": "LP       ", "part_cd": "8  ", "species_age": 42, "a_year": 2025, "st_area(geom)": 6332.25595, "st_length(geom)": 330.78677447215875}}, {"type": "Feature", "id": 14550709, "geometry": {"type": "Polygon", "coordinates": [[[20.851745064480713, 51.12304715241659], [20.852060811971235, 51.123257335158634], [20.85216286659193, 51.12346073726447], [20.852587880109187, 51.12432229721211], [20.852612909883668, 51.12437263802783], [20.853008024026497, 51.12517250784841], [20.853278735949832, 51.12571418408126], [20.85344019981445, 51.12603718968251], [20.85373731895263, 51.12665257322751], [20.853532223775, 51.12669315841246], [20.851953137435547, 51.12700533502344], [20.851414532102183, 51.12543425837345], [20.851495476150852, 51.125392134667365], [20.851578714319103, 51.12526082421964], [20.85152489205309, 51.12509462091642], [20.851314132794297, 51.12469313857912], [20.85124050788734, 51.12418180231794], [20.851167636186005, 51.12398243535773], [20.851098028890153, 51.12386470034788], [20.85087825310372, 51.12383102651134], [20.850674467645717, 51.12369670377337], [20.850632038247458, 51.12366876814362], [20.850842187643227, 51.12347238718117], [20.85074559326377, 51.123344643843225], [20.85092104778794, 51.12329238813858], [20.851745064480713, 51.12304715241659]]]}, "properties": {"subarea_id": 14550709, "arodes_int_num": 1613018355, "adress_forest": "16-13-2-05-97    -a   -00", "area_type_cd": "D-STAN    ", "site_type_cd": "LMWYŻŚW", "silviculture_cd": "O    ", "forest_func_cd": "OCHR  ", "stand_struct_cd": "DRZEW  ", "rotation_age": 100, "sub_area": 4.13, "prot_category_cd": "OCH MIAST", "species_cd_d": "SO       ", "part_cd": "10 ", "species_age": 72, "a_year": 2025, "st_area(geom)": 44503.0452, "st_length(geom)": 1080.0382655089277}}, {"type": "Feature", "id": 14551086, "geometry": {"type": "Polygon", "coordinates": [[[20.856654703500947, 51.12678089145864], [20.85684423915321, 51.127175774506185], [20.856536616007407, 51.12724426163569], [20.856699066296443, 51.127569766029616], [20.856565257536243, 51.12759483079134], [20.85675624904172, 51.12799742738834], [20.856342291789215, 51.12808109667065], [20.855961563616166, 51.128159199218665], [20.855967720367822, 51.12811664036203], [20.85599861688161, 51.12802789912137], [20.856006948527398, 51.127925482333495], [20.855987623802147, 51.12781432867139], [20.856028439563215, 51.12772695926873], [20.85607237180759, 51.127596089689696], [20.856089471855253, 51.127551917728034], [20.856060907645457, 51.127492008041855], [20.855805648254773, 51.1269446053182], [20.856654703500947, 51.12678089145864]]]}, "properties": {"subarea_id": 14551086, "arodes_int_num": 1613017832, "adress_forest": "16-13-2-08-81    -l   -00", "area_type_cd": "D-STAN    ", "site_type_cd": "LMWYŻW ", "silviculture_cd": "O    ", "forest_func_cd": "OCHR  ", "stand_struct_cd": "DRZEW  ", "rotation_age": 80, "sub_area": 0.63, "prot_category_cd": "OCH MIAST", "species_cd_d": "OL       ", "part_cd": "6  ", "species_age": 76, "a_year": 2025, "st_area(geom)": 6772.9804, "st_length(geom)": 422.83936377078965}}, {"type": "Feature", "id": 14551449, "geometry": {"type": "Polygon", "coordinates": [[[20.857972411862633, 51.14003867571444], [20.85816965564089, 51.14005047458059], [20.858326326261494, 51.14007749146947], [20.858468115363664, 51.14009358966537], [20.85861075895314, 51.14010247731791], [20.85877316034274, 51.140111950300245], [20.858981708863926, 51.140099009039204], [20.859098112160286, 51.14009544903162], [20.85936914883738, 51.14019630228487], [20.859522071615945, 51.14023678119718], [20.859625766292424, 51.14027993203294], [20.859810210543376, 51.14030056785659], [20.859926063283368, 51.14031887603338], [20.86023359434041, 51.14041680781049], [20.860270162248586, 51.14199151320485], [20.86025469811322, 51.14199814638678], [20.860189887274863, 51.14202589557249], [20.860125226503172, 51.14205382225405], [20.860058168602215, 51.142082596671756], [20.859804000170755, 51.14219180279475], [20.859730897623653, 51.14222319204297], [20.859706438421373, 51.1422337465335], [20.859656391101304, 51.14225523329338], [20.858637897236985, 51.14157198990739], [20.858389686760262, 51.142025374541745], [20.85898722439579, 51.14254277060708], [20.858878547618463, 51.142589298391876], [20.85867483978841, 51.1426767391497], [20.85842979199986, 51.142781749061974], [20.85807058832314, 51.142935801463366], [20.858045171479848, 51.14221742638565], [20.85803970886337, 51.142063591926394], [20.858008777874808, 51.14115800798859], [20.857990931042714, 51.1406387734855], [20.857972411862633, 51.14003867571444]]]}, "properties": {"subarea_id": 14551449, "arodes_int_num": 1613014521, "adress_forest": "16-13-2-08-63    -c   -00", "area_type_cd": "D-STAN    ", "site_type_cd": "LMWYŻŚW", "silviculture_cd": "O    ", "forest_func_cd": "OCHR  ", "stand_struct_cd": "2 PIĘTR", "rotation_age": 100, "sub_area": 3.47, "prot_category_cd": "OCH MIAST", "species_cd_d": "SO       ", "part_cd": "4  ", "species_age": 76, "a_year": 2025, "st_area(geom)": 35409.66415, "st_length(geom)": 1022.9647503599774}}, {"type": "Feature", "id": 14551568, "geometry": {"type": "Polygon", "coordinates": [[[20.849305103372615, 51.12091485914236], [20.849501922509802, 51.1212115823344], [20.850348817394732, 51.1224731845772], [20.850350796687284, 51.122476211890714], [20.85012318217987, 51.122521645625575], [20.850073262991742, 51.1225316115306], [20.848210770108583, 51.122903188541834], [20.84802087531039, 51.122941094918026], [20.845910725944, 51.123361979377705], [20.845947566815486, 51.123317947020425], [20.84644776302203, 51.122719730729415], [20.846503842286342, 51.12265272442101], [20.847601386323532, 51.121226790534514], [20.84791795908651, 51.12114325189035], [20.848722965106358, 51.120930813338845], [20.849305103372615, 51.12091485914236]]]}, "properties": {"subarea_id": 14551568, "arodes_int_num": 1613018375, "adress_forest": "16-13-2-05-120   -b   -00", "area_type_cd": "D-STAN    ", "site_type_cd": "LMWYŻŚW", "silviculture_cd": "O    ", "forest_func_cd": "OCHR  ", "stand_struct_cd": "KO     ", "rotation_age": 100, "sub_area": 4.02, "prot_category_cd": "OCH MIAST", "species_cd_d": "SO       ", "part_cd": "10 ", "species_age": 108, "a_year": 2025, "st_area(geom)": 43006.1758, "st_length(geom)": 905.5364395533799}}, {"type": "Feature", "id": 14547644, "geometry": {"type": "Polygon", "coordinates": [[[20.841120737781512, 51.12431740951485], [20.84176543938444, 51.12530167150984], [20.841714963458703, 51.12534447794225], [20.84158348085138, 51.125147737788], [20.841478893354775, 51.12516710730589], [20.841462743425073, 51.12526424847984], [20.840874664787176, 51.1243664443243], [20.841120737781512, 51.12431740951485]]]}, "properties": {"subarea_id": 14547644, "arodes_int_num": 1613018364, "adress_forest": "16-13-2-05-98    -h   -00", "area_type_cd": "L ENERG   ", "site_type_cd": null, "silviculture_cd": null, "forest_func_cd": null, "stand_struct_cd": null, "rotation_age": null, "sub_area": 0.21000000000000002, "prot_category_cd": null, "species_cd_d": null, "part_cd": null, "species_age": null, "a_year": 2025, "st_area(geom)": 1904.3316, "st_length(geom)": 292.5694318233189}}, {"type": "Feature", "id": 14547786, "geometry": {"type": "Polygon", "coordinates": [[[20.84337137836403, 51.12386848852524], [20.84324910884542, 51.124312569347275], [20.842578023653243, 51.124612639000325], [20.84249794950182, 51.12468038135998], [20.84176543938444, 51.12530167150984], [20.841120737781512, 51.12431740951485], [20.841558984109174, 51.12422999299794], [20.84337137836403, 51.12386848852524]]]}, "properties": {"subarea_id": 14547786, "arodes_int_num": 1613018365, "adress_forest": "16-13-2-05-98    -i   -00", "area_type_cd": "D-STAN    ", "site_type_cd": "LMWYŻŚW", "silviculture_cd": "O    ", "forest_func_cd": "OCHR  ", "stand_struct_cd": "KO     ", "rotation_age": 100, "sub_area": 1.1, "prot_category_cd": "OCH MIAST", "species_cd_d": "SO       ", "part_cd": "10 ", "species_age": 113, "a_year": 2025, "st_area(geom)": 10986.16525, "st_length(geom)": 486.7227951119373}}, {"type": "Feature", "id": 14548623, "geometry": {"type": "Polygon", "coordinates": [[[20.838311553165873, 51.12001790189877], [20.838317034837317, 51.120026361893835], [20.838426222295315, 51.120195118954896], [20.838824471514652, 51.12080391154111], [20.839519641306573, 51.12186646686749], [20.839613559019373, 51.12201045422922], [20.840596135956613, 51.12351639067031], [20.841120737781512, 51.12431740951485], [20.840874664787176, 51.1243664443243], [20.840027893418416, 51.123073556988174], [20.839281793680886, 51.12192796336573], [20.83818823169941, 51.120256435610706], [20.838070970703015, 51.120075120921484], [20.838065492638886, 51.12006675081836], [20.8381410857734, 51.12005179840916], [20.838243759795567, 51.12003129241629], [20.838311553165873, 51.12001790189877]]]}, "properties": {"subarea_id": 14548623, "arodes_int_num": 1613018378, "adress_forest": "16-13-2-05-121   -b   -00", "area_type_cd": "L ENERG   ", "site_type_cd": null, "silviculture_cd": null, "forest_func_cd": null, "stand_struct_cd": null, "rotation_age": null, "sub_area": 0.93, "prot_category_cd": null, "species_cd_d": null, "part_cd": null, "species_age": null, "a_year": 2025, "st_area(geom)": 9310.88005, "st_length(geom)": 1069.9845222506908}}, {"type": "Feature", "id": 14548791, "geometry": {"type": "Polygon", "coordinates": [[[20.8417414265831, 51.1270733597044], [20.841751446263352, 51.12708804523937], [20.842372085834317, 51.12799441772904], [20.84240487171038, 51.12804229947182], [20.842507177090845, 51.1281917298207], [20.842917469882646, 51.128791052713346], [20.841938552973044, 51.12898441986291], [20.841842518923606, 51.12900338501179], [20.841688184187532, 51.12903388373629], [20.84158130367961, 51.12881255689181], [20.84133467051462, 51.12830178127182], [20.841327354595773, 51.128286783240846], [20.841038190116294, 51.127687796498904], [20.841579988547455, 51.12720904334387], [20.8417414265831, 51.1270733597044]]]}, "properties": {"subarea_id": 14548791, "arodes_int_num": 1613017898, "adress_forest": "16-13-2-05-98    -d   -00", "area_type_cd": "D-STAN    ", "site_type_cd": "LMWYŻŚW", "silviculture_cd": "O    ", "forest_func_cd": "OCHR  ", "stand_struct_cd": "DRZEW  ", "rotation_age": null, "sub_area": 1.46, "prot_category_cd": "OCH MIAST", "species_cd_d": "DB       ", "part_cd": "7  ", "species_age": 67, "a_year": 2025, "st_area(geom)": 14576.2596, "st_length(geom)": 538.7585877408796}}, {"type": "Feature", "id": 14548797, "geometry": {"type": "Polygon", "coordinates": [[[20.838083294934677, 51.12227246768867], [20.838441561598422, 51.12230956526302], [20.83851353033762, 51.12245884643569], [20.83857178565378, 51.122579556064494], [20.83700976703709, 51.124005415619195], [20.83672428308479, 51.123915083407915], [20.836479122344713, 51.12407006731873], [20.8361320325755, 51.123936621059755], [20.83588418809666, 51.123937454692076], [20.835500479877993, 51.12369878882605], [20.83517480963501, 51.12357543879611], [20.83510318058159, 51.12336236878283], [20.835088983413165, 51.12324942215008], [20.835151543880364, 51.12298845618663], [20.836060839561547, 51.12263161205357], [20.837009960317516, 51.12241780089637], [20.83728438693753, 51.122474661161746], [20.837704312421426, 51.12239771240857], [20.838083294934677, 51.12227246768867]]]}, "properties": {"subarea_id": 14548797, "arodes_int_num": 1613004061, "adress_forest": "16-13-2-05-122   -b   -00", "area_type_cd": "D-STAN    ", "site_type_cd": "LMWYŻW ", "silviculture_cd": "O    ", "forest_func_cd": "OCHR  ", "stand_struct_cd": "DRZEW  ", "rotation_age": 100, "sub_area": 2.87, "prot_category_cd": "OCH MIAST", "species_cd_d": "SO       ", "part_cd": "9  ", "species_age": 88, "a_year": 2025, "st_area(geom)": 28771.7308, "st_length(geom)": 698.6631273106084}}, {"type": "Feature", "id": 14549847, "geometry": {"type": "Polygon", "coordinates": [[[20.84305575884135, 51.12598041556821], [20.84338239282723, 51.12607674063337], [20.843410456524733, 51.12608502424992], [20.84389292400682, 51.12615999909802], [20.84418409044812, 51.12615900494318], [20.8446232773563, 51.1262922338317], [20.84492658704996, 51.12630894825659], [20.845100366330385, 51.12633976084488], [20.845317625568967, 51.126378253173804], [20.845649513939968, 51.12639820299762], [20.845992685126948, 51.12641428537279], [20.846228282875863, 51.12645374589329], [20.846552604087293, 51.1265671010922], [20.84683734435813, 51.12654829981293], [20.847042039199817, 51.12651546928457], [20.847070590945684, 51.12651088004673], [20.847209424149288, 51.12679799767988], [20.847714471011255, 51.1278430876902], [20.84429511241584, 51.12851879054644], [20.843901053940026, 51.12859661414649], [20.843687654349054, 51.128271176276584], [20.84337350327708, 51.12779223580057], [20.84278935896427, 51.1269016659671], [20.84247543405924, 51.12642433879083], [20.84305575884135, 51.12598041556821]]]}, "properties": {"subarea_id": 14549847, "arodes_int_num": 1613018360, "adress_forest": "16-13-2-05-98    -a   -00", "area_type_cd": "D-STAN    ", "site_type_cd": "LMWYŻŚW", "silviculture_cd": "O    ", "forest_func_cd": "OCHR  ", "stand_struct_cd": "KO     ", "rotation_age": 100, "sub_area": 6.43, "prot_category_cd": "OCH MIAST", "species_cd_d": "SO       ", "part_cd": "9  ", "species_age": 112, "a_year": 2025, "st_area(geom)": 65997.90225, "st_length(geom)": 1053.46151584478}}, {"type": "Feature", "id": 14550052, "geometry": {"type": "Polygon", "coordinates": [[[20.836492055713187, 51.13152060426862], [20.836882006439502, 51.13230747351629], [20.835831506225688, 51.132183725926474], [20.835910638667077, 51.13200877112771], [20.836492055713187, 51.13152060426862]]]}, "properties": {"subarea_id": 14550052, "arodes_int_num": 1613017629, "adress_forest": "16-13-2-05-100   -a   -00", "area_type_cd": "D-STAN    ", "site_type_cd": "LMWYŻŚW", "silviculture_cd": "O    ", "forest_func_cd": "OCHR  ", "stand_struct_cd": "DRZEW  ", "rotation_age": 100, "sub_area": 0.29000000000000004, "prot_category_cd": "OCH MIAST", "species_cd_d": "DB       ", "part_cd": "10 ", "species_age": 62, "a_year": 2025, "st_area(geom)": 3273.0488, "st_length(geom)": 254.48351645718193}}, {"type": "Feature", "id": 14550207, "geometry": {"type": "Polygon", "coordinates": [[[20.844414089443855, 51.120011472255186], [20.84470914918467, 51.12007329718729], [20.845145967387943, 51.12002295295542], [20.8456599941983, 51.12007358273528], [20.845792875708064, 51.1200399987845], [20.846094592591008, 51.12016477708418], [20.84619285619365, 51.12033846742287], [20.84607891532589, 51.12056390729009], [20.84582108950586, 51.12107409326752], [20.845528935637034, 51.12165202062405], [20.845080341977823, 51.12239371446188], [20.84498125628427, 51.12218864018825], [20.844827187114934, 51.12187000441572], [20.843948420934833, 51.12005165352632], [20.844414089443855, 51.120011472255186]]]}, "properties": {"subarea_id": 14550207, "arodes_int_num": 1613017547, "adress_forest": "16-13-2-05-120   -c   -00", "area_type_cd": "D-STAN    ", "site_type_cd": "LMWYŻŚW", "silviculture_cd": "O    ", "forest_func_cd": "OCHR  ", "stand_struct_cd": "DRZEW  ", "rotation_age": 100, "sub_area": 2.19, "prot_category_cd": "OCH MIAST", "species_cd_d": "SO       ", "part_cd": "10 ", "species_age": 108, "a_year": 2025, "st_area(geom)": 21913.29315, "st_length(geom)": 691.6568500598006}}, {"type": "Feature", "id": 14550373, "geometry": {"type": "Polygon", "coordinates": [[[20.833660925954103, 51.12580500749113], [20.834111552336413, 51.12671498903811], [20.83411699449275, 51.126726058675274], [20.83364421720136, 51.12716977954111], [20.831485662014916, 51.12911426890137], [20.830967212769192, 51.12946360653162], [20.829907981481405, 51.130494845385776], [20.829462879651057, 51.13092812995806], [20.8294575667533, 51.13091669825344], [20.829136732735364, 51.1302328068676], [20.829034200230772, 51.13002237595965], [20.82899918512403, 51.12995032626661], [20.828964027247704, 51.12987827879629], [20.82893960566398, 51.12982828340765], [20.82891518058214, 51.12977819810882], [20.82889090909143, 51.12972838028127], [20.828866784086866, 51.12967865011682], [20.828777475099212, 51.12949526991295], [20.82862040041663, 51.129181608405496], [20.828538502032945, 51.12901205586126], [20.828491031929786, 51.12891420245613], [20.8284438477881, 51.12881634455914], [20.82841054470192, 51.1287477763399], [20.828377523920924, 51.128679113736425], [20.82834422458735, 51.128610635398914], [20.828311064680975, 51.128542064911656], [20.828277901324483, 51.128473404509066], [20.828249561372328, 51.12841465419744], [20.82822108216788, 51.12835599601602], [20.828192742363186, 51.128297245688024], [20.82816440618266, 51.128238585256035], [20.82813593075008, 51.12818001695417], [20.828107587616056, 51.128121176697455], [20.828107434089105, 51.128120909218964], [20.82808640618972, 51.128077157762796], [20.82805544968734, 51.12801368045173], [20.828024621946504, 51.12794984128023], [20.827962816751036, 51.1278219853337], [20.827941653355914, 51.12777841588887], [20.827920939925356, 51.127735379163234], [20.827920786400814, 51.12773511168444], [20.827901800826144, 51.12769600616769], [20.827893404019797, 51.127678865185], [20.827893250495592, 51.127678597706165], [20.827878902636428, 51.12764832568768], [20.82786645742959, 51.12762279178511], [20.827853862262938, 51.12759708030628], [20.827841549309188, 51.127571274454205], [20.827841395785658, 51.1275710069753], [20.827822713845432, 51.1275323464969], [20.82780418191049, 51.127493863589706], [20.827797955797987, 51.12748100672969], [20.827797802275033, 51.12748073925072], [20.827773047833794, 51.127429489381456], [20.827772894311163, 51.127429221902425], [20.82776667886531, 51.12741663475306], [20.827748761114808, 51.127379221751546], [20.827730704070017, 51.12734190088455], [20.82770472515627, 51.127288601069665], [20.82767903205009, 51.12723529678093], [20.827657244470455, 51.12719038764563], [20.827657090949316, 51.12719012016645], [20.827635292765287, 51.12714494131364], [20.82761335175208, 51.12709976468943], [20.827591703626396, 51.127054763401986], [20.827573964528597, 51.1270182471775], [20.832122550910228, 51.12611168912693], [20.833660925954103, 51.12580500749113]]]}, "properties": {"subarea_id": 14550373, "arodes_int_num": 1613003932, "adress_forest": "16-13-2-05-100   -c   -00", "area_type_cd": "D-STAN    ", "site_type_cd": "LMWYŻW ", "silviculture_cd": "O    ", "forest_func_cd": "OCHR  ", "stand_struct_cd": "DRZEW  ", "rotation_age": 120, "sub_area": 12.47, "prot_category_cd": "OCH MIAST", "species_cd_d": "JD       ", "part_cd": "4  ", "species_age": 62, "a_year": 2025, "st_area(geom)": 124997.4605, "st_length(geom)": 1578.6511008461782}}, {"type": "Feature", "id": 14550501, "geometry": {"type": "Polygon", "coordinates": [[[20.83549259442105, 51.125439815245635], [20.834333258073016, 51.12652313493213], [20.83411699449275, 51.126726058675274], [20.834111552336413, 51.12671498903811], [20.833660925954103, 51.12580500749113], [20.835459405915522, 51.12544645356399], [20.83549259442105, 51.125439815245635]]]}, "properties": {"subarea_id": 14550501, "arodes_int_num": 1613003927, "adress_forest": "16-13-2-05-99    -h   -00", "area_type_cd": "D-STAN    ", "site_type_cd": "LMWYŻW ", "silviculture_cd": "O    ", "forest_func_cd": "OCHR  ", "stand_struct_cd": "DRZEW  ", "rotation_age": 100, "sub_area": 0.7200000000000001, "prot_category_cd": "OCH MIAST", "species_cd_d": "SO       ", "part_cd": "5  ", "species_age": 39, "a_year": 2025, "st_area(geom)": 7207.0665, "st_length(geom)": 414.11702690848784}}, {"type": "Feature", "id": 14551555, "geometry": {"type": "Polygon", "coordinates": [[[20.83857178565378, 51.122579556064494], [20.839561048562913, 51.12462848357993], [20.83757371424129, 51.12502479404536], [20.83549259442105, 51.125439815245635], [20.835459405915522, 51.12544645356399], [20.833660925954103, 51.12580500749113], [20.83241819922518, 51.123298330950064], [20.833094715159405, 51.12297178649894], [20.83344032619217, 51.12298166009771], [20.83392070713398, 51.12296189094551], [20.83426372670378, 51.12315532082889], [20.83496975573483, 51.12306165821918], [20.83513550377318, 51.122994915200664], [20.835151543880364, 51.12298845618663], [20.835088983413165, 51.12324942215008], [20.83510318058159, 51.12336236878283], [20.83517480963501, 51.12357543879611], [20.835500479877993, 51.12369878882605], [20.83588418809666, 51.123937454692076], [20.8361320325755, 51.123936621059755], [20.836479122344713, 51.12407006731873], [20.83672428308479, 51.123915083407915], [20.83700976703709, 51.124005415619195], [20.83857178565378, 51.122579556064494]]]}, "properties": {"subarea_id": 14551555, "arodes_int_num": 1613018382, "adress_forest": "16-13-2-05-122   -a   -00", "area_type_cd": "D-STAN    ", "site_type_cd": "LMWYŻW ", "silviculture_cd": "O    ", "forest_func_cd": "OCHR  ", "stand_struct_cd": "DRZEW  ", "rotation_age": 120, "sub_area": 9.18, "prot_category_cd": "OCH WOD  ", "species_cd_d": "JD       ", "part_cd": "3  ", "species_age": 52, "a_year": 2025, "st_area(geom)": 94400.15565, "st_length(geom)": 1594.1348162129693}}, {"type": "Feature", "id": 14551581, "geometry": {"type": "Polygon", "coordinates": [[[20.842516202529872, 51.11966095889698], [20.84257678107106, 51.11966027400112], [20.84319854748228, 51.119652721550814], [20.843839847729697, 51.119827026674905], [20.843948420934833, 51.12005165352632], [20.842858330335734, 51.120158532429876], [20.84273000104111, 51.12011260662368], [20.84264317581513, 51.12015058887833], [20.842611661354397, 51.12017762378644], [20.842563555745965, 51.12021877401524], [20.842429205089445, 51.120276576660686], [20.842237402123004, 51.120435230024945], [20.842211225936193, 51.12045633330244], [20.84219916987307, 51.12046587911677], [20.842134347069365, 51.120517997824585], [20.842065776066956, 51.12066274434762], [20.842060634029643, 51.12067362056357], [20.84178802893825, 51.12079540328964], [20.84154547181047, 51.12100064467853], [20.841480056797167, 51.12109901174957], [20.841451229229804, 51.12110378390505], [20.841389881345624, 51.121113926118326], [20.841074301157683, 51.12122630852142], [20.84103838135312, 51.12124684529244], [20.840693570313697, 51.121443799507865], [20.840588228168333, 51.12152669187343], [20.840528069729938, 51.12157396835184], [20.8405192235517, 51.12157797589759], [20.840393548368723, 51.12163482993395], [20.840182078370816, 51.121730547601565], [20.839958669029944, 51.12187835965951], [20.839956979770115, 51.12187901596537], [20.839613559019373, 51.12201045422922], [20.839519641306573, 51.12186646686749], [20.838824471514652, 51.12080391154111], [20.838426222295315, 51.120195118954896], [20.838317034837317, 51.120026361893835], [20.838311553165873, 51.12001790189877], [20.838350979940888, 51.12001008512549], [20.838470963675167, 51.11998633805776], [20.838616185361808, 51.11995742606837], [20.83890096417683, 51.119900950085906], [20.83922800431682, 51.1198360719808], [20.83929678633582, 51.11982239545438], [20.83935464748079, 51.11981086983117], [20.83940513757322, 51.11980089951488], [20.839456902572696, 51.119790639236804], [20.839514763636284, 51.11977911353512], [20.839620275541943, 51.11975811187143], [20.839637753213864, 51.11977348987285], [20.839803605965308, 51.119918504151705], [20.840200529389076, 51.120000777500316], [20.840412334468066, 51.120071930153756], [20.84066050307096, 51.12015528420927], [20.840678738874477, 51.12018972162863], [20.840777618393425, 51.120375821183785], [20.84079045353523, 51.12037507932475], [20.841198327969234, 51.12035156389715], [20.841769003572708, 51.12036020689392], [20.841966878097903, 51.12018526584826], [20.84197200704416, 51.11981113151532], [20.842035868559588, 51.119698934776565], [20.842197026341182, 51.11968622989323], [20.842516202529872, 51.11966095889698]]]}, "properties": {"subarea_id": 14551581, "arodes_int_num": 1613018379, "adress_forest": "16-13-2-05-121   -d   -00", "area_type_cd": "D-STAN    ", "site_type_cd": "LMWYŻW ", "silviculture_cd": "O    ", "forest_func_cd": "OCHR  ", "stand_struct_cd": "KO     ", "rotation_age": 100, "sub_area": 4.1, "prot_category_cd": "OCH MIAST", "species_cd_d": "SO       ", "part_cd": "10 ", "species_age": 108, "a_year": 2025, "st_area(geom)": 41442.02455, "st_length(geom)": 1152.5782172933552}}, {"type": "Feature", "id": 14551786, "geometry": {"type": "Polygon", "coordinates": [[[20.83757371424129, 51.12502479404536], [20.838576177779718, 51.1271538558132], [20.8351165087034, 51.12874409484928], [20.83411699449275, 51.126726058675274], [20.834333258073016, 51.12652313493213], [20.83549259442105, 51.125439815245635], [20.83757371424129, 51.12502479404536]]]}, "properties": {"subarea_id": 14551786, "arodes_int_num": 1613018373, "adress_forest": "16-13-2-05-99    -f   -00", "area_type_cd": "D-STAN    ", "site_type_cd": "LMWYŻW ", "silviculture_cd": "O    ", "forest_func_cd": "OCHR  ", "stand_struct_cd": "KO     ", "rotation_age": 100, "sub_area": 7.68, "prot_category_cd": "OCH MIAST", "species_cd_d": "SO       ", "part_cd": "10 ", "species_age": 138, "a_year": 2025, "st_area(geom)": 76805.99895, "st_length(geom)": 1106.8928194271696}}, {"type": "Feature", "id": 14551930, "geometry": {"type": "Polygon", "coordinates": [[[20.840874664787176, 51.1243664443243], [20.841462743425073, 51.12526424847984], [20.841427211929176, 51.125477923090294], [20.84104886821399, 51.126291901199785], [20.84057299035681, 51.12672418448063], [20.84025783900362, 51.12607153901115], [20.839561048562913, 51.12462848357993], [20.840874664787176, 51.1243664443243]]]}, "properties": {"subarea_id": 14551930, "arodes_int_num": 1613018363, "adress_forest": "16-13-2-05-98    -g   -00", "area_type_cd": "D-STAN    ", "site_type_cd": "LMWYŻW ", "silviculture_cd": "O    ", "forest_func_cd": "OCHR  ", "stand_struct_cd": "KO     ", "rotation_age": 100, "sub_area": 1.94, "prot_category_cd": "OCH MIAST", "species_cd_d": "SO       ", "part_cd": "10 ", "species_age": 126, "a_year": 2025, "st_area(geom)": 19598.03865, "st_length(geom)": 624.6278550883881}}, {"type": "Feature", "id": 14552374, "geometry": {"type": "Polygon", "coordinates": [[[20.847981708677203, 51.136055437719], [20.84850475288195, 51.136996695296155], [20.84801485297096, 51.13740107221717], [20.847521782772446, 51.137343013890984], [20.84714324697285, 51.13766817194998], [20.84652340142898, 51.137611662348775], [20.846429254854613, 51.137603073656656], [20.845950465429894, 51.137766803865034], [20.84549372404549, 51.13778786775838], [20.845071785862622, 51.13785695892587], [20.844804050484417, 51.13791668874231], [20.844630630418504, 51.137906740522816], [20.844378379913753, 51.137892188194584], [20.843922785931685, 51.13780572595439], [20.843676207723657, 51.13784379906274], [20.843522719548478, 51.137867539683995], [20.843213585309734, 51.137997277526374], [20.84273510510257, 51.13802910864407], [20.842893672452746, 51.13827291917355], [20.841979143950365, 51.13880999597324], [20.842152686731218, 51.13823385871923], [20.84258112979483, 51.13714282313009], [20.842538956115284, 51.13705685652252], [20.842659678169888, 51.13703264401391], [20.842769768355993, 51.13701075798028], [20.8430080325106, 51.136965081274916], [20.843124113500682, 51.136942830594165], [20.8433611051477, 51.136897533063156], [20.843524724768827, 51.13686616623001], [20.84360078995979, 51.136851652824674], [20.843768381833964, 51.13681950333625], [20.84418417744367, 51.136739988417375], [20.84433658198128, 51.13671068648945], [20.844606637762688, 51.13665910742788], [20.84484815983452, 51.13661274583139], [20.844929618558066, 51.13659724685584], [20.845012206093582, 51.13658137017146], [20.845089970796202, 51.136566469133676], [20.845219817882228, 51.13654166016582], [20.84534242709442, 51.13651822472406], [20.84534810726101, 51.136517235477044], [20.845619604591814, 51.13646958953886], [20.84576046517547, 51.136444875995174], [20.845841119670308, 51.13643073847306], [20.845915951073167, 51.136417592426504], [20.845989081977063, 51.136404833019036], [20.846063345280236, 51.136391785806744], [20.84617396137805, 51.13637240711704], [20.846253761801115, 51.13635837275416], [20.84643296428946, 51.13632702563983], [20.84659924158527, 51.13629786150084], [20.846742512448728, 51.13627265890102], [20.846920721136097, 51.1362415066512], [20.847091256073803, 51.13621155487462], [20.847276698308104, 51.136178938407454], [20.847404357179066, 51.13615668044529], [20.84751653324516, 51.13613700595014], [20.847580432232654, 51.13612583077591], [20.84767428545334, 51.13610923441924], [20.84776090819445, 51.13609419161135], [20.847844119254148, 51.13607965245722], [20.84795075419363, 51.13606087475474], [20.847981708677203, 51.136055437719]]]}, "properties": {"subarea_id": 14552374, "arodes_int_num": 1613017904, "adress_forest": "16-13-2-05-66    -c   -00", "area_type_cd": "D-STAN    ", "site_type_cd": "LMWYŻŚW", "silviculture_cd": "O    ", "forest_func_cd": "OCHR  ", "stand_struct_cd": "DRZEW  ", "rotation_age": 140, "sub_area": 5.76, "prot_category_cd": "OCH MIAST", "species_cd_d": "DB       ", "part_cd": "6  ", "species_age": 72, "a_year": 2025, "st_area(geom)": 58137.04035, "st_length(geom)": 1283.7059057167771}}, {"type": "Feature", "id": 14548683, "geometry": {"type": "Polygon", "coordinates": [[[20.88251323008916, 51.0987405933237], [20.882906894528173, 51.09910740939787], [20.879880011151943, 51.100194006218686], [20.879705311196112, 51.10001185669233], [20.88078675157947, 51.099522436958765], [20.88251323008916, 51.0987405933237]]]}, "properties": {"subarea_id": 14548683, "arodes_int_num": 1613005313, "adress_forest": "16-13-2-08-165   -b   -00", "area_type_cd": "D-STAN    ", "site_type_cd": "LMWYŻW ", "silviculture_cd": "O    ", "forest_func_cd": "OCHR  ", "stand_struct_cd": "DRZEW  ", "rotation_age": null, "sub_area": 0.88, "prot_category_cd": "OCH MIAST", "species_cd_d": "JD       ", "part_cd": "10 ", "species_age": 67, "a_year": 2025, "st_area(geom)": 8840.5584, "st_length(geom)": 558.9725583285774}}, {"type": "Feature", "id": 14550460, "geometry": {"type": "Polygon", "coordinates": [[[20.88138658889418, 51.09610282347066], [20.88176739300369, 51.09644574088859], [20.883549564291027, 51.0982712155995], [20.88251323008916, 51.0987405933237], [20.88078675157947, 51.099522436958765], [20.880534915993504, 51.0988161595021], [20.880089035534347, 51.0984119421558], [20.87837545173828, 51.096974752975335], [20.878444345180526, 51.09696141115485], [20.878679750506734, 51.096791200456], [20.87882721702126, 51.096534601235426], [20.87936688210993, 51.096264679363635], [20.880130144379276, 51.09625933132996], [20.880825171575207, 51.09647008242529], [20.881086209075193, 51.09638959497072], [20.881199687023482, 51.096200560389086], [20.881375536114238, 51.09610857894386], [20.88138658889418, 51.09610282347066]]]}, "properties": {"subarea_id": 14550460, "arodes_int_num": 1613005403, "adress_forest": "16-13-2-08-171   -b   -00", "area_type_cd": "D-STAN    ", "site_type_cd": "LMWYŻW ", "silviculture_cd": "O    ", "forest_func_cd": "OCHR  ", "stand_struct_cd": "KO     ", "rotation_age": 120, "sub_area": 6.97, "prot_category_cd": "OCH MIAST", "species_cd_d": "JD       ", "part_cd": "5  ", "species_age": 117, "a_year": 2025, "st_area(geom)": 71077.35275, "st_length(geom)": 1134.1612859475508}}, {"type": "Feature", "id": 14552429, "geometry": {"type": "Polygon", "coordinates": [[[20.877510437724354, 51.096923249533106], [20.87765049052045, 51.096934853716554], [20.87779189778607, 51.09698340980618], [20.878024082919012, 51.09700513828539], [20.878152252639197, 51.096998490861935], [20.878353339044835, 51.096979066603765], [20.87837545173828, 51.096974752975335], [20.880089035534347, 51.0984119421558], [20.880534915993504, 51.0988161595021], [20.88078675157947, 51.099522436958765], [20.879705311196112, 51.10001185669233], [20.87967563517316, 51.09998120753924], [20.879646449539262, 51.0999520798237], [20.879097112839148, 51.09938201565695], [20.87762663623675, 51.09784473917485], [20.876924745996934, 51.09711545611301], [20.877120411013923, 51.097082087177114], [20.87729838905066, 51.09703532796724], [20.877510437724354, 51.096923249533106]]]}, "properties": {"subarea_id": 14552429, "arodes_int_num": 1613005405, "adress_forest": "16-13-2-08-171   -c   -00", "area_type_cd": "D-STAN    ", "site_type_cd": "LMWYŻŚW", "silviculture_cd": "O    ", "forest_func_cd": "OCHR  ", "stand_struct_cd": "KO     ", "rotation_age": 120, "sub_area": 3.75, "prot_category_cd": "OCH MIAST", "species_cd_d": "JD       ", "part_cd": "6  ", "species_age": 117, "a_year": 2025, "st_area(geom)": 38013.18675, "st_length(geom)": 914.1836584439062}}, {"type": "Feature", "id": 14547308, "geometry": {"type": "Polygon", "coordinates": [[[20.86274402360545, 51.129720631347965], [20.862964725554143, 51.12992204377772], [20.863269111100305, 51.13048682018899], [20.86327452447154, 51.13049698936107], [20.86322313710011, 51.130538110413234], [20.863186288898536, 51.130567484856904], [20.86282077276184, 51.13072183328109], [20.86256359806838, 51.13083990996283], [20.862353021420347, 51.130989719383244], [20.862156919864216, 51.13111554841679], [20.862144932178307, 51.13112320603106], [20.862139678081473, 51.131124099354814], [20.861881583224537, 51.131166082984585], [20.86166005413409, 51.131264068655966], [20.861668137847747, 51.131205555886034], [20.86177713135478, 51.130421168091985], [20.861864122629573, 51.13019884094845], [20.861995340071584, 51.130016831160205], [20.862138930308767, 51.12992917215143], [20.86223326665219, 51.12986460759016], [20.862654325569938, 51.129800955400384], [20.86274402360545, 51.129720631347965]]]}, "properties": {"subarea_id": 14547308, "arodes_int_num": 1613003791, "adress_forest": "16-13-2-08-81    -f   -00", "area_type_cd": "D-STAN    ", "site_type_cd": "LMWYŻŚW", "silviculture_cd": "O    ", "forest_func_cd": "OCHR  ", "stand_struct_cd": "DRZEW  ", "rotation_age": 140, "sub_area": 1.1, "prot_category_cd": "OCH MIAST", "species_cd_d": "DB       ", "part_cd": "5  ", "species_age": 15, "a_year": 2025, "st_area(geom)": 10944.70725, "st_length(geom)": 445.50315247842326}}, {"type": "Feature", "id": 14547476, "geometry": {"type": "Polygon", "coordinates": [[[20.856060907645457, 51.127492008041855], [20.856089471855253, 51.127551917728034], [20.85607237180759, 51.127596089689696], [20.856028439563215, 51.12772695926873], [20.855987623802147, 51.12781432867139], [20.856006948527398, 51.127925482333495], [20.85599861688161, 51.12802789912137], [20.855967720367822, 51.12811664036203], [20.855961563616166, 51.128159199218665], [20.854987834460726, 51.12835907084024], [20.854681118385656, 51.12775463792744], [20.856060907645457, 51.127492008041855]]]}, "properties": {"subarea_id": 14547476, "arodes_int_num": 1613011033, "adress_forest": "16-13-2-08-81    -m   -00", "area_type_cd": "BR-R      ", "site_type_cd": null, "silviculture_cd": null, "forest_func_cd": null, "stand_struct_cd": null, "rotation_age": null, "sub_area": 0.56, "prot_category_cd": null, "species_cd_d": null, "part_cd": null, "species_age": null, "a_year": 2025, "st_area(geom)": 6045.65975, "st_length(geom)": 318.78313731427266}}, {"type": "Feature", "id": 14548137, "geometry": {"type": "Polygon", "coordinates": [[[20.86327452447154, 51.13049698936107], [20.8632813287186, 51.130509745207675], [20.863650311830877, 51.13119439740023], [20.864346281332313, 51.13248574287733], [20.863596135497065, 51.1326612496011], [20.863274744195213, 51.13273645084175], [20.86279881115748, 51.132847668644466], [20.86278351678608, 51.13285133080434], [20.86085319233009, 51.13330749063812], [20.860615838512324, 51.132926779162034], [20.860741645816333, 51.13285172948866], [20.86100241442596, 51.132715967577596], [20.86122088283423, 51.13260210902598], [20.86153402515258, 51.132439063906595], [20.861721124506527, 51.13234162677283], [20.862022507726927, 51.13205696171176], [20.86199790473806, 51.132003377533906], [20.861922951270003, 51.1318390447946], [20.86176274778064, 51.13148895272725], [20.86166005413409, 51.131264068655966], [20.861881583224537, 51.131166082984585], [20.862139678081473, 51.131124099354814], [20.862144932178307, 51.13112320603106], [20.862156919864216, 51.13111554841679], [20.862353021420347, 51.130989719383244], [20.86256359806838, 51.13083990996283], [20.86282077276184, 51.13072183328109], [20.863186288898536, 51.130567484856904], [20.86322313710011, 51.130538110413234], [20.86327452447154, 51.13049698936107]]]}, "properties": {"subarea_id": 14548137, "arodes_int_num": 1613018613, "adress_forest": "16-13-2-08-81    -b   -00", "area_type_cd": "D-STAN    ", "site_type_cd": "LMWYŻŚW", "silviculture_cd": "O    ", "forest_func_cd": "OCHR  ", "stand_struct_cd": "KO     ", "rotation_age": 100, "sub_area": 3.65, "prot_category_cd": "OCH MIAST", "species_cd_d": "SO       ", "part_cd": "6  ", "species_age": 167, "a_year": 2025, "st_area(geom)": 37510.8547, "st_length(geom)": 914.8129046478608}}, {"type": "Feature", "id": 14548187, "geometry": {"type": "Polygon", "coordinates": [[[20.860735469362925, 51.125880015148795], [20.86089274150567, 51.12619345172224], [20.860736489773736, 51.126246856111315], [20.860740979283914, 51.126269634516284], [20.860785176695813, 51.1264942810556], [20.860957139859337, 51.12674990925408], [20.86117886969457, 51.12671786227481], [20.861181493642704, 51.12672267834666], [20.861311686340787, 51.126959809496334], [20.86161821075889, 51.12751834894784], [20.86165955168919, 51.12759361695658], [20.862200886399137, 51.12857995405197], [20.862281412879213, 51.1287265657289], [20.86252053217519, 51.12916203157319], [20.862644575221424, 51.129388104146805], [20.862725291980976, 51.129432787743255], [20.862785182004004, 51.12955678804571], [20.86278958497113, 51.129666199276926], [20.86274402360545, 51.129720631347965], [20.862654325569938, 51.129800955400384], [20.86223326665219, 51.12986460759016], [20.862138930308767, 51.12992917215143], [20.861995340071584, 51.130016831160205], [20.861864122629573, 51.13019884094845], [20.86177713135478, 51.130421168091985], [20.861668137847747, 51.131205555886034], [20.86166005413409, 51.131264068655966], [20.86030464831331, 51.13140969795818], [20.86003160223314, 51.131439051098276], [20.86000142419657, 51.131381866844116], [20.859983475100684, 51.12950486689495], [20.859918265443643, 51.12767197901492], [20.859863318131914, 51.126129948182175], [20.860426530691157, 51.12596877456715], [20.860735469362925, 51.125880015148795]]]}, "properties": {"subarea_id": 14548187, "arodes_int_num": 1613019193, "adress_forest": "16-13-2-08-81    -h   -00", "area_type_cd": "D-STAN    ", "site_type_cd": "LMWYŻŚW", "silviculture_cd": "O    ", "forest_func_cd": "OCHR  ", "stand_struct_cd": "KO     ", "rotation_age": 100, "sub_area": 7.53, "prot_category_cd": "OCH MIAST", "species_cd_d": "SO       ", "part_cd": "8  ", "species_age": 167, "a_year": 2025, "st_area(geom)": 77345.71505, "st_length(geom)": 1458.7406596381857}}, {"type": "Feature", "id": 14548333, "geometry": {"type": "Polygon", "coordinates": [[[20.85065376964268, 51.12085780312974], [20.85136024110209, 51.12227482300911], [20.850928128747643, 51.122361009919445], [20.850350796687284, 51.122476211890714], [20.850348817394732, 51.1224731845772], [20.849501922509802, 51.1212115823344], [20.849305103372615, 51.12091485914236], [20.850081290578554, 51.12089367228047], [20.85065376964268, 51.12085780312974]]]}, "properties": {"subarea_id": 14548333, "arodes_int_num": 1613017543, "adress_forest": "16-13-2-05-120   -a   -00", "area_type_cd": "D-STAN    ", "site_type_cd": "LMWYŻŚW", "silviculture_cd": "O    ", "forest_func_cd": "OCHR  ", "stand_struct_cd": "DRZEW  ", "rotation_age": 80, "sub_area": 1.42, "prot_category_cd": "OCH MIAST", "species_cd_d": "ŚW       ", "part_cd": "6  ", "species_age": 77, "a_year": 2025, "st_area(geom)": 14493.88455, "st_length(geom)": 522.280932085095}}, {"type": "Feature", "id": 14548899, "geometry": {"type": "Polygon", "coordinates": [[[20.85752513309861, 51.13761704583491], [20.857609627971787, 51.13993208011533], [20.857267344922793, 51.13993005093941], [20.856914285804038, 51.139559716361894], [20.856298929018045, 51.1389851083613], [20.8562078348591, 51.138810323213974], [20.856057481464944, 51.138452240923215], [20.85609276102451, 51.13799846310093], [20.856129741087898, 51.137911514578526], [20.85752513309861, 51.13761704583491]]]}, "properties": {"subarea_id": 14548899, "arodes_int_num": 1613003142, "adress_forest": "16-13-2-05-64    -i   -00", "area_type_cd": "D-STAN    ", "site_type_cd": "LWYŻŚW ", "silviculture_cd": "O    ", "forest_func_cd": "OCHR  ", "stand_struct_cd": "KO     ", "rotation_age": 100, "sub_area": 1.94, "prot_category_cd": "OCH MIAST", "species_cd_d": "SO       ", "part_cd": "10 ", "species_age": 143, "a_year": 2025, "st_area(geom)": 19398.87905, "st_length(geom)": 631.6184643936189}}, {"type": "Feature", "id": 14549180, "geometry": {"type": "Polygon", "coordinates": [[[20.85136024110209, 51.12227482300911], [20.851519374396574, 51.12259382000103], [20.85167850634008, 51.122912726834016], [20.850978952068477, 51.12312099714593], [20.850650507070718, 51.12321885567167], [20.85012318217987, 51.122521645625575], [20.850350796687284, 51.122476211890714], [20.850928128747643, 51.122361009919445], [20.85136024110209, 51.12227482300911]]]}, "properties": {"subarea_id": 14549180, "arodes_int_num": 1613003899, "adress_forest": "16-13-2-05-97    -f   -00", "area_type_cd": "D-STAN    ", "site_type_cd": "LMWYŻŚW", "silviculture_cd": "O    ", "forest_func_cd": "OCHR  ", "stand_struct_cd": "DRZEW  ", "rotation_age": 100, "sub_area": 0.61, "prot_category_cd": "OCH MIAST", "species_cd_d": "SO       ", "part_cd": "7  ", "species_age": 73, "a_year": 2025, "st_area(geom)": 6792.314, "st_length(geom)": 330.6048738016526}}, {"type": "Feature", "id": 14549409, "geometry": {"type": "Polygon", "coordinates": [[[20.85737261088696, 51.12665874746973], [20.857610912445224, 51.127121584023996], [20.857843781792308, 51.127573621245496], [20.85793882397846, 51.127758148233454], [20.85740291685918, 51.127866609073095], [20.857201238015733, 51.12747569815311], [20.856699066296443, 51.127569766029616], [20.856536616007407, 51.12724426163569], [20.85684423915321, 51.127175774506185], [20.856654703500947, 51.12678089145864], [20.856865228823604, 51.126740304495904], [20.857137428566897, 51.126694059548434], [20.85737261088696, 51.12665874746973]]]}, "properties": {"subarea_id": 14549409, "arodes_int_num": 1613017834, "adress_forest": "16-13-2-08-81    -k   -00", "area_type_cd": "BUD INNE  ", "site_type_cd": null, "silviculture_cd": null, "forest_func_cd": null, "stand_struct_cd": null, "rotation_age": null, "sub_area": 0.67, "prot_category_cd": null, "species_cd_d": null, "part_cd": null, "species_age": null, "a_year": 2025, "st_area(geom)": 7127.3366, "st_length(geom)": 408.95108278551487}}, {"type": "Feature", "id": 14549863, "geometry": {"type": "Polygon", "coordinates": [[[20.859863318131914, 51.126129948182175], [20.859918265443643, 51.12767197901492], [20.85830882039693, 51.127968441714316], [20.858209762691025, 51.12798665878588], [20.858074681686574, 51.12773071037363], [20.857945774207767, 51.12775677834178], [20.85793882397846, 51.127758148233454], [20.857843781792308, 51.127573621245496], [20.857610912445224, 51.127121584023996], [20.85737261088696, 51.12665874746973], [20.857427037536326, 51.12665059601736], [20.857438002880773, 51.12667803953603], [20.85745347602399, 51.1266788732248], [20.857778012403063, 51.12669710624694], [20.858155206997317, 51.126609697996656], [20.858323337869415, 51.12657077175275], [20.858903378505357, 51.12640475010013], [20.859035948299592, 51.126366748083356], [20.85967364887616, 51.12618424259964], [20.859863318131914, 51.126129948182175]]]}, "properties": {"subarea_id": 14549863, "arodes_int_num": 1613017935, "adress_forest": "16-13-2-08-81    -j   -00", "area_type_cd": "D-STAN    ", "site_type_cd": "LMWYŻŚW", "silviculture_cd": "O    ", "forest_func_cd": "OCHR  ", "stand_struct_cd": "KO     ", "rotation_age": 100, "sub_area": 2.24, "prot_category_cd": "OCH MIAST", "species_cd_d": "SO       ", "part_cd": "6  ", "species_age": 167, "a_year": 2025, "st_area(geom)": 24013.26025, "st_length(geom)": 654.5407391300951}}, {"type": "Feature", "id": 14549901, "geometry": {"type": "Polygon", "coordinates": [[[20.849267977215572, 51.12576896799502], [20.84936545847668, 51.125847310465105], [20.849376463853247, 51.12604765712294], [20.849153825118215, 51.12616443833558], [20.848956976801393, 51.126332808093046], [20.848496085275695, 51.126390293839954], [20.848497937577136, 51.126436683883526], [20.848364989694293, 51.12643320834065], [20.84824049018504, 51.12634413714435], [20.847357519946357, 51.12632840580368], [20.847028997819503, 51.126425085673816], [20.846772978721265, 51.12589521794119], [20.847002875893963, 51.12594592197229], [20.847032449493923, 51.12594545475478], [20.848744197017545, 51.12580513942991], [20.849233050235615, 51.12577140961513], [20.849267977215572, 51.12576896799502]]]}, "properties": {"subarea_id": 14549901, "arodes_int_num": 1613003897, "adress_forest": "16-13-2-05-97    -c   -00", "area_type_cd": "D-STAN    ", "site_type_cd": "LMWYŻŚW", "silviculture_cd": "O    ", "forest_func_cd": "OCHR  ", "stand_struct_cd": "DRZEW  ", "rotation_age": 100, "sub_area": 0.91, "prot_category_cd": "OCH MIAST", "species_cd_d": "SO       ", "part_cd": "10 ", "species_age": 83, "a_year": 2025, "st_area(geom)": 9106.9313, "st_length(geom)": 462.95885280474965}}, {"type": "Feature", "id": 14550268, "geometry": {"type": "Polygon", "coordinates": [[[20.860155698880416, 51.13705264732041], [20.86023359434041, 51.14041680781049], [20.859926063283368, 51.14031887603338], [20.859810210543376, 51.14030056785659], [20.859625766292424, 51.14027993203294], [20.859522071615945, 51.14023678119718], [20.85936914883738, 51.14019630228487], [20.859098112160286, 51.14009544903162], [20.858981708863926, 51.140099009039204], [20.85877316034274, 51.140111950300245], [20.85861075895314, 51.14010247731791], [20.858468115363664, 51.14009358966537], [20.858326326261494, 51.14007749146947], [20.85816965564089, 51.14005047458059], [20.857972411862633, 51.14003867571444], [20.857956465200772, 51.139523998879504], [20.85794142434539, 51.13860448818328], [20.857875430550536, 51.13754131142904], [20.858057898604518, 51.13750233795559], [20.859451710025144, 51.13720472257418], [20.85960695147779, 51.137171487295845], [20.860155698880416, 51.13705264732041]]]}, "properties": {"subarea_id": 14550268, "arodes_int_num": 1613003754, "adress_forest": "16-13-2-08-63    -g   -00", "area_type_cd": "D-STAN    ", "site_type_cd": "LWYŻŚW ", "silviculture_cd": "O    ", "forest_func_cd": "OCHR  ", "stand_struct_cd": "DRZEW  ", "rotation_age": 120, "sub_area": 5.07, "prot_category_cd": "OCH MIAST", "species_cd_d": "JD       ", "part_cd": "4  ", "species_age": 72, "a_year": 2025, "st_area(geom)": 50666.4598, "st_length(geom)": 987.8956568202766}}, {"type": "Feature", "id": 14550916, "geometry": {"type": "Polygon", "coordinates": [[[20.859918265443643, 51.12767197901492], [20.859983475100684, 51.12950486689495], [20.86000142419657, 51.131381866844116], [20.858209762691025, 51.12798665878588], [20.85830882039693, 51.127968441714316], [20.859918265443643, 51.12767197901492]]]}, "properties": {"subarea_id": 14550916, "arodes_int_num": 1613017874, "adress_forest": "16-13-2-08-81    -i   -00", "area_type_cd": "D-STAN    ", "site_type_cd": "LMWYŻŚW", "silviculture_cd": "O    ", "forest_func_cd": "OCHR  ", "stand_struct_cd": "DRZEW  ", "rotation_age": 80, "sub_area": 2.11, "prot_category_cd": "OCH MIAST", "species_cd_d": "BRZ      ", "part_cd": "4  ", "species_age": 62, "a_year": 2025, "st_area(geom)": 25107.19585, "st_length(geom)": 934.9412117375628}}, {"type": "Feature", "id": 14551235, "geometry": {"type": "Polygon", "coordinates": [[[20.856129741087898, 51.137911514578526], [20.85609276102451, 51.13799846310093], [20.856057481464944, 51.138452240923215], [20.8562078348591, 51.138810323213974], [20.856298929018045, 51.1389851083613], [20.856914285804038, 51.139559716361894], [20.857267344922793, 51.13993005093941], [20.857609627971787, 51.13993208011533], [20.857625141926565, 51.14035770357063], [20.85764811377253, 51.14122554103782], [20.8576545072199, 51.14146671173686], [20.85746222624982, 51.14072372954651], [20.857177758791664, 51.14024903219314], [20.85703684039889, 51.14011210253257], [20.856618736882854, 51.139706636269054], [20.855977192624707, 51.139138649655095], [20.85582909442577, 51.13890809436081], [20.85571810124905, 51.13866138692268], [20.855712559942248, 51.13848398408319], [20.8557111211206, 51.138437407715216], [20.85570958856596, 51.13838849387835], [20.855704132572708, 51.13820965031964], [20.855703193906514, 51.13818267726043], [20.85575229261952, 51.13800566662559], [20.855758935405984, 51.137950235878485], [20.856129741087898, 51.137911514578526]]]}, "properties": {"subarea_id": 14551235, "arodes_int_num": 1613003140, "adress_forest": "16-13-2-05-64    -h   -00", "area_type_cd": "D-STAN    ", "site_type_cd": "LWYŻŚW ", "silviculture_cd": "O    ", "forest_func_cd": "OCHR  ", "stand_struct_cd": "DRZEW  ", "rotation_age": 100, "sub_area": 0.9600000000000001, "prot_category_cd": "OCH MIAST", "species_cd_d": "SO       ", "part_cd": "7  ", "species_age": 61, "a_year": 2025, "st_area(geom)": 9626.78675, "st_length(geom)": 893.1744308515409}}, {"type": "Feature", "id": 14551480, "geometry": {"type": "Polygon", "coordinates": [[[20.862094542827297, 51.125499075739576], [20.862457661512174, 51.12616736261384], [20.8628583081698, 51.126904679497144], [20.863138536549897, 51.12742036326037], [20.862466339707062, 51.12755926674913], [20.862526383824694, 51.12768362458813], [20.86288699187136, 51.128431024932134], [20.863602199040066, 51.128273531467435], [20.863700864469795, 51.12845511740718], [20.863716613971285, 51.128484103369374], [20.86390992500215, 51.12883969245045], [20.86430306392796, 51.12956336013662], [20.86431016130945, 51.12957629117177], [20.864261537330258, 51.129611431267534], [20.864238057233738, 51.12962835832225], [20.86415330955331, 51.12968953307237], [20.864049610065177, 51.129766483055285], [20.863976091341268, 51.129826039279294], [20.86385245409432, 51.12992624676619], [20.86356597686129, 51.13027868898491], [20.863383675992125, 51.13040978771115], [20.86327452447154, 51.13049698936107], [20.863269111100305, 51.13048682018899], [20.862964725554143, 51.12992204377772], [20.86274402360545, 51.129720631347965], [20.86278958497113, 51.129666199276926], [20.862785182004004, 51.12955678804571], [20.862725291980976, 51.129432787743255], [20.862644575221424, 51.129388104146805], [20.86252053217519, 51.12916203157319], [20.862281412879213, 51.1287265657289], [20.862200886399137, 51.12857995405197], [20.86165955168919, 51.12759361695658], [20.86161821075889, 51.12751834894784], [20.861311686340787, 51.126959809496334], [20.861181493642704, 51.12672267834666], [20.86117886969457, 51.12671786227481], [20.860957139859337, 51.12674990925408], [20.860785176695813, 51.1264942810556], [20.860740979283914, 51.126269634516284], [20.860736489773736, 51.126246856111315], [20.86089274150567, 51.12619345172224], [20.860735469362925, 51.125880015148795], [20.862049227454296, 51.125502676217856], [20.862094542827297, 51.125499075739576]]]}, "properties": {"subarea_id": 14551480, "arodes_int_num": 1613017842, "adress_forest": "16-13-2-08-81    -g   -00", "area_type_cd": "D-STAN    ", "site_type_cd": "LMWYŻŚW", "silviculture_cd": "O    ", "forest_func_cd": "OCHR  ", "stand_struct_cd": "DRZEW  ", "rotation_age": null, "sub_area": 4.74, "prot_category_cd": "OCH MIAST", "species_cd_d": "SO       ", "part_cd": "8  ", "species_age": 5, "a_year": 2025, "st_area(geom)": 48808.53465, "st_length(geom)": 1386.388239600898}}, {"type": "Feature", "id": 14547483, "geometry": {"type": "Polygon", "coordinates": [[[20.83784301303646, 51.12106988307224], [20.837943782452346, 51.12127862513283], [20.838161205157864, 51.12172887452662], [20.838441561598422, 51.12230956526302], [20.838083294934677, 51.12227246768867], [20.837704312421426, 51.12239771240857], [20.83728438693753, 51.122474661161746], [20.837009960317516, 51.12241780089637], [20.83712494770848, 51.12216347663762], [20.83723389053451, 51.12207747222296], [20.837216955121292, 51.12176233901], [20.837126869523015, 51.12155981561387], [20.83717899641587, 51.12134965979739], [20.837504011710973, 51.121154196650416], [20.83784301303646, 51.12106988307224]]]}, "properties": {"subarea_id": 14547483, "arodes_int_num": 1613004065, "adress_forest": "16-13-2-05-122   -c   -00", "area_type_cd": "D-STAN    ", "site_type_cd": "LMWYŻW ", "silviculture_cd": "O    ", "forest_func_cd": "OCHR  ", "stand_struct_cd": "KO     ", "rotation_age": 100, "sub_area": 0.89, "prot_category_cd": "OCH MIAST", "species_cd_d": "SO       ", "part_cd": "9  ", "species_age": 108, "a_year": 2025, "st_area(geom)": 9467.8444, "st_length(geom)": 430.95514583170655}}, {"type": "Feature", "id": 14548050, "geometry": {"type": "Polygon", "coordinates": [[[20.84247543405924, 51.12642433879083], [20.84278935896427, 51.1269016659671], [20.84337350327708, 51.12779223580057], [20.843687654349054, 51.128271176276584], [20.843901053940026, 51.12859661414649], [20.843654664917754, 51.12864538977332], [20.843143707757253, 51.12786629734675], [20.843140971369706, 51.127862202332274], [20.84310155091762, 51.12780210088204], [20.84255150089217, 51.126963438998715], [20.842486366008504, 51.12686425021707], [20.84249061660645, 51.12686688202556], [20.8425691491156, 51.12691476244828], [20.842712160784448, 51.12688372129832], [20.842435475534664, 51.12645483519081], [20.84247543405924, 51.12642433879083]]]}, "properties": {"subarea_id": 14548050, "arodes_int_num": 1613018361, "adress_forest": "16-13-2-05-98    -b   -00", "area_type_cd": "L ENERG   ", "site_type_cd": null, "silviculture_cd": null, "forest_func_cd": null, "stand_struct_cd": null, "rotation_age": null, "sub_area": 0.44, "prot_category_cd": null, "species_cd_d": null, "part_cd": null, "species_age": null, "a_year": 2025, "st_area(geom)": 3957.40685, "st_length(geom)": 568.1872196385792}}, {"type": "Feature", "id": 14548244, "geometry": {"type": "Polygon", "coordinates": [[[20.843922785931685, 51.13780572595439], [20.844378379913753, 51.137892188194584], [20.844630630418504, 51.137906740522816], [20.84464675841734, 51.138522980159514], [20.84465127444296, 51.138697250872845], [20.844685224433846, 51.14000086134581], [20.844689266887606, 51.14015606803222], [20.844899522651705, 51.14007466564622], [20.84509105010693, 51.14000057527407], [20.845426767855486, 51.13998142327908], [20.845673616065053, 51.139939114175604], [20.845738949859456, 51.13992791739742], [20.845837714000222, 51.139915922954394], [20.845987176387947, 51.13993092557342], [20.84618775643787, 51.13997984533832], [20.846592223336568, 51.140167681308526], [20.84680224729515, 51.14031702585812], [20.846911013657316, 51.14041588283717], [20.846959204117017, 51.14051974478822], [20.84707390356881, 51.140767211329454], [20.84702466083085, 51.1409594235116], [20.844102214186627, 51.14120661187475], [20.843817451039545, 51.14123071392605], [20.84188167712285, 51.14139445378909], [20.841055880315388, 51.14146422388346], [20.841069915680205, 51.141410836732135], [20.841105820223312, 51.141274522263714], [20.84111761211506, 51.14122944671874], [20.84112817158564, 51.14118933835933], [20.841141070804596, 51.14113974739196], [20.841158838936728, 51.14107235770137], [20.84117660701956, 51.141004968007856], [20.841212121572767, 51.14086964919212], [20.84122689244468, 51.14081319180445], [20.84123309387738, 51.14079294318471], [20.841257392110084, 51.14070997758066], [20.841280289933604, 51.14063135208716], [20.841291867420512, 51.140591677474774], [20.841302444685784, 51.140555616998924], [20.841326882015462, 51.14047255922589], [20.841367565459173, 51.14033419027807], [20.841417664775108, 51.14016292770145], [20.841444616474945, 51.140071194169046], [20.841452428704088, 51.14004471294797], [20.841464255953998, 51.140004134782956], [20.84148478842203, 51.13993436253811], [20.84152483869822, 51.139798072563565], [20.841604131205358, 51.13952676472352], [20.84162140560494, 51.139468558603404], [20.8416236488004, 51.13946024698034], [20.841643305673212, 51.13939363707946], [20.84179788507087, 51.13941153311309], [20.841979143950365, 51.13880999597324], [20.842893672452746, 51.13827291917355], [20.84273510510257, 51.13802910864407], [20.843213585309734, 51.137997277526374], [20.843522719548478, 51.137867539683995], [20.843676207723657, 51.13784379906274], [20.843922785931685, 51.13780572595439]]]}, "properties": {"subarea_id": 14548244, "arodes_int_num": 1613018350, "adress_forest": "16-13-2-05-66    -b   -00", "area_type_cd": "D-STAN    ", "site_type_cd": "LMWYŻŚW", "silviculture_cd": "O    ", "forest_func_cd": "OCHR  ", "stand_struct_cd": "2 PIĘTR", "rotation_age": 100, "sub_area": 9.18, "prot_category_cd": "OCH MIAST", "species_cd_d": "SO       ", "part_cd": "9  ", "species_age": 112, "a_year": 2025, "st_area(geom)": 94514.5537, "st_length(geom)": 1485.6090418046042}}, {"type": "Feature", "id": 14548304, "geometry": {"type": "Polygon", "coordinates": [[[20.845679072728817, 51.12363263793149], [20.84586133090069, 51.1240090315779], [20.846036764851625, 51.12437194873928], [20.846647234843715, 51.12563506092987], [20.846698809163517, 51.12574174840545], [20.846772978721265, 51.12589521794119], [20.847028997819503, 51.126425085673816], [20.847070590945684, 51.12651088004673], [20.847042039199817, 51.12651546928457], [20.84683734435813, 51.12654829981293], [20.846552604087293, 51.1265671010922], [20.846228282875863, 51.12645374589329], [20.845992685126948, 51.12641428537279], [20.845649513939968, 51.12639820299762], [20.845317625568967, 51.126378253173804], [20.845100366330385, 51.12633976084488], [20.84492658704996, 51.12630894825659], [20.8446232773563, 51.1262922338317], [20.84418409044812, 51.12615900494318], [20.84389292400682, 51.12615999909802], [20.843410456524733, 51.12608502424992], [20.84338239282723, 51.12607674063337], [20.84305575884135, 51.12598041556821], [20.843280089879777, 51.12580883379287], [20.84345877637251, 51.12567215606888], [20.844077573022364, 51.12515016549768], [20.844156531642312, 51.12518724294849], [20.84422296399786, 51.12521849063012], [20.84428547629884, 51.12519798320338], [20.844369439060706, 51.12517048031089], [20.844294188937486, 51.12507936855117], [20.844239214310264, 51.125012765840204], [20.84491264532016, 51.12442729672236], [20.845438063230784, 51.123905332849795], [20.845679072728817, 51.12363263793149]]]}, "properties": {"subarea_id": 14548304, "arodes_int_num": 1613018362, "adress_forest": "16-13-2-05-98    -f   -00", "area_type_cd": "D-STAN    ", "site_type_cd": "LMWYŻW ", "silviculture_cd": "O    ", "forest_func_cd": "OCHR  ", "stand_struct_cd": "KDO    ", "rotation_age": 100, "sub_area": 4.11, "prot_category_cd": "OCH MIAST", "species_cd_d": "SO       ", "part_cd": "10 ", "species_age": 113, "a_year": 2025, "st_area(geom)": 42544.8084, "st_length(geom)": 972.8238839103708}}, {"type": "Feature", "id": 14549268, "geometry": {"type": "Polygon", "coordinates": [[[20.84025783900362, 51.12607153901115], [20.84057299035681, 51.12672418448063], [20.84050372485071, 51.12678707734], [20.840277360752026, 51.126961834273324], [20.838993331861122, 51.127952615231486], [20.83774614005001, 51.12891473514529], [20.837018890186986, 51.129531323784434], [20.836978918085794, 51.12956523695429], [20.836907711131744, 51.12962626895341], [20.835957115763602, 51.13044103256145], [20.835696176895315, 51.12991427735275], [20.83550533296864, 51.12952900733788], [20.8351165087034, 51.12874409484928], [20.838576177779718, 51.1271538558132], [20.838608609919365, 51.12713895220648], [20.84025783900362, 51.12607153901115]]]}, "properties": {"subarea_id": 14549268, "arodes_int_num": 1613018372, "adress_forest": "16-13-2-05-99    -d   -00", "area_type_cd": "D-STAN    ", "site_type_cd": "LMWYŻŚW", "silviculture_cd": "O    ", "forest_func_cd": "OCHR  ", "stand_struct_cd": "DRZEW  ", "rotation_age": 140, "sub_area": 5.27, "prot_category_cd": "OCH MIAST", "species_cd_d": "DB       ", "part_cd": "7  ", "species_age": 62, "a_year": 2025, "st_area(geom)": 53288.2224, "st_length(geom)": 1266.3074710283279}}, {"type": "Feature", "id": 14549338, "geometry": {"type": "Polygon", "coordinates": [[[20.84344107655837, 51.119001905228956], [20.843449338167478, 51.11901913723221], [20.843839847729697, 51.119827026674905], [20.84319854748228, 51.119652721550814], [20.84257678107106, 51.11966027400112], [20.842516202529872, 51.11966095889698], [20.842197026341182, 51.11968622989323], [20.842035868559588, 51.119698934776565], [20.84197200704416, 51.11981113151532], [20.841966878097903, 51.12018526584826], [20.841769003572708, 51.12036020689392], [20.841198327969234, 51.12035156389715], [20.84079045353523, 51.12037507932475], [20.840777618393425, 51.120375821183785], [20.840678738874477, 51.12018972162863], [20.84066050307096, 51.12015528420927], [20.840412334468066, 51.120071930153756], [20.840200529389076, 51.120000777500316], [20.839803605965308, 51.119918504151705], [20.839637753213864, 51.11977348987285], [20.839620275541943, 51.11975811187143], [20.839625096696167, 51.11975713640673], [20.83974096504347, 51.119734172465776], [20.839962634131865, 51.11969029184873], [20.84018571341416, 51.119645938811345], [20.840251945015222, 51.11963284162434], [20.84049161909145, 51.119585258095846], [20.840556575599038, 51.11957245068923], [20.84058338099534, 51.119567170826286], [20.84067400361224, 51.119549191382205], [20.840723639605436, 51.11953932390036], [20.840785474761333, 51.11952710527225], [20.840969562269297, 51.119490741399474], [20.841077915492317, 51.11946933382794], [20.841186125764747, 51.11944792840671], [20.84128157613655, 51.11942915277475], [20.841500117460278, 51.11938576828553], [20.84175766614703, 51.11933484194249], [20.841859919088694, 51.11931460926613], [20.84196231478644, 51.119294374250465], [20.84206471039259, 51.11927413914594], [20.842166816635864, 51.119253818550895], [20.842198299852587, 51.119247565003434], [20.842256588065467, 51.11923603120457], [20.843296703786034, 51.119030450026806], [20.84344107655837, 51.119001905228956]]]}, "properties": {"subarea_id": 14549338, "arodes_int_num": 1613004054, "adress_forest": "16-13-2-05-121   -f   -00", "area_type_cd": "D-STAN    ", "site_type_cd": "LMWYŻW ", "silviculture_cd": "O    ", "forest_func_cd": "OCHR  ", "stand_struct_cd": "DRZEW  ", "rotation_age": 100, "sub_area": 1.8, "prot_category_cd": "OCH MIAST", "species_cd_d": "SO       ", "part_cd": "9  ", "species_age": 73, "a_year": 2025, "st_area(geom)": 19175.87885, "st_length(geom)": 768.5311905382089}}, {"type": "Feature", "id": 14549586, "geometry": {"type": "Polygon", "coordinates": [[[20.843948420934833, 51.12005165352632], [20.844827187114934, 51.12187000441572], [20.84498125628427, 51.12218864018825], [20.845080341977823, 51.12239371446188], [20.844950251722203, 51.1225621034795], [20.844523262278525, 51.12311453815133], [20.843960803217467, 51.12375097148102], [20.843567095307822, 51.12382941842267], [20.8434882407048, 51.123845145416986], [20.84337137836403, 51.12386848852524], [20.841558984109174, 51.12422999299794], [20.841120737781512, 51.12431740951485], [20.840596135956613, 51.12351639067031], [20.839613559019373, 51.12201045422922], [20.839956979770115, 51.12187901596537], [20.839958669029944, 51.12187835965951], [20.840182078370816, 51.121730547601565], [20.840393548368723, 51.12163482993395], [20.8405192235517, 51.12157797589759], [20.840528069729938, 51.12157396835184], [20.840588228168333, 51.12152669187343], [20.840693570313697, 51.121443799507865], [20.84103838135312, 51.12124684529244], [20.841074301157683, 51.12122630852142], [20.841389881345624, 51.121113926118326], [20.841451229229804, 51.12110378390505], [20.841480056797167, 51.12109901174957], [20.84154547181047, 51.12100064467853], [20.84178802893825, 51.12079540328964], [20.842060634029643, 51.12067362056357], [20.842065776066956, 51.12066274434762], [20.842134347069365, 51.120517997824585], [20.84219916987307, 51.12046587911677], [20.842211225936193, 51.12045633330244], [20.842237402123004, 51.120435230024945], [20.842429205089445, 51.120276576660686], [20.842563555745965, 51.12021877401524], [20.842611661354397, 51.12017762378644], [20.84264317581513, 51.12015058887833], [20.84273000104111, 51.12011260662368], [20.842858330335734, 51.120158532429876], [20.843948420934833, 51.12005165352632]]]}, "properties": {"subarea_id": 14549586, "arodes_int_num": 1613018377, "adress_forest": "16-13-2-05-121   -a   -00", "area_type_cd": "D-STAN    ", "site_type_cd": "LMWYŻŚW", "silviculture_cd": "O    ", "forest_func_cd": "OCHR  ", "stand_struct_cd": "KO     ", "rotation_age": 100, "sub_area": 11.17, "prot_category_cd": "OCH MIAST", "species_cd_d": "SO       ", "part_cd": "10 ", "species_age": 108, "a_year": 2025, "st_area(geom)": 113576.4948, "st_length(geom)": 1326.687675539621}}, {"type": "Feature", "id": 14550253, "geometry": {"type": "Polygon", "coordinates": [[[20.84217983860491, 51.12667692627218], [20.842486366008504, 51.12686425021707], [20.84255150089217, 51.126963438998715], [20.84310155091762, 51.12780210088204], [20.843140971369706, 51.127862202332274], [20.843143707757253, 51.12786629734675], [20.843654664917754, 51.12864538977332], [20.843195071394824, 51.12873620906613], [20.842917469882646, 51.128791052713346], [20.842507177090845, 51.1281917298207], [20.84240487171038, 51.12804229947182], [20.842372085834317, 51.12799441772904], [20.841751446263352, 51.12708804523937], [20.8417414265831, 51.1270733597044], [20.841816130648194, 51.12701065030894], [20.84217983860491, 51.12667692627218]]]}, "properties": {"subarea_id": 14550253, "arodes_int_num": 1613017896, "adress_forest": "16-13-2-05-98    -c   -00", "area_type_cd": "D-STAN    ", "site_type_cd": "LMWYŻŚW", "silviculture_cd": "O    ", "forest_func_cd": "OCHR  ", "stand_struct_cd": "KDO    ", "rotation_age": 100, "sub_area": 1.19, "prot_category_cd": "OCH MIAST", "species_cd_d": "SO       ", "part_cd": "10 ", "species_age": 112, "a_year": 2025, "st_area(geom)": 12488.8099, "st_length(geom)": 559.9065798132129}}, {"type": "Feature", "id": 14550523, "geometry": {"type": "Polygon", "coordinates": [[[20.837420193713683, 51.12019465230534], [20.837424825275875, 51.12020330562224], [20.837589611603555, 51.12054490216632], [20.83784301303646, 51.12106988307224], [20.837504011710973, 51.121154196650416], [20.83717899641587, 51.12134965979739], [20.837126869523015, 51.12155981561387], [20.837216955121292, 51.12176233901], [20.83723389053451, 51.12207747222296], [20.83712494770848, 51.12216347663762], [20.837009960317516, 51.12241780089637], [20.836060839561547, 51.12263161205357], [20.835151543880364, 51.12298845618663], [20.83513550377318, 51.122994915200664], [20.83496975573483, 51.12306165821918], [20.83426372670378, 51.12315532082889], [20.83392070713398, 51.12296189094551], [20.83344032619217, 51.12298166009771], [20.833094715159405, 51.12297178649894], [20.83241819922518, 51.123298330950064], [20.832064935212284, 51.122585718206736], [20.831460185260294, 51.12136571271511], [20.831456261846512, 51.12135686815542], [20.831459808322542, 51.12135618287807], [20.831567063237443, 51.1213357009841], [20.831664950111808, 51.12131689508349], [20.831741704512943, 51.12130228848457], [20.831933652833676, 51.12126554588929], [20.832055657454767, 51.12124213362142], [20.832169015430804, 51.1212205659724], [20.832283644755847, 51.12119861844765], [20.832329184310197, 51.12118989827482], [20.832551488947935, 51.12114728127997], [20.832652785707545, 51.12112797129695], [20.832897650458502, 51.12108113170961], [20.83313684326893, 51.121035460061954], [20.833362271363434, 51.120992342739584], [20.833483845947246, 51.1209689357156], [20.83353847069222, 51.1209586332255], [20.833595923997304, 51.12094756666723], [20.83371353049285, 51.12092503127776], [20.833768151571977, 51.12091463877732], [20.833817379811958, 51.12090523044247], [20.833921368332415, 51.12088533737082], [20.83408054198657, 51.12085486279018], [20.834097416852117, 51.12085144945492], [20.83419287312622, 51.12083267955649], [20.83434860013744, 51.12080180888456], [20.834386756851753, 51.120794373224676], [20.834495819888645, 51.12077269077698], [20.83461013630893, 51.12075011614735], [20.83475466290011, 51.12072157973434], [20.8347826053493, 51.12071610344546], [20.834810258524364, 51.12071054173005], [20.834863872000234, 51.120699984608514], [20.834919610423707, 51.12068894431067], [20.83502598369716, 51.120667933301505], [20.835216744642718, 51.12063021435989], [20.8353614133204, 51.120601674961286], [20.835503242594687, 51.12057362976217], [20.835587633655855, 51.12055701156433], [20.835672163942817, 51.12054030115913], [20.83575470849896, 51.12052398171337], [20.836021062766044, 51.120471310542584], [20.836247274668175, 51.120426466073354], [20.836522848938706, 51.12037202965518], [20.83662241378719, 51.12035238357783], [20.836776298254456, 51.12032198839671], [20.837029882727126, 51.12027176454149], [20.83712972570279, 51.12025193373901], [20.837222340273286, 51.1202336558061], [20.83739834810908, 51.12019886392707], [20.837420193713683, 51.12019465230534]]]}, "properties": {"subarea_id": 14550523, "arodes_int_num": 1613004067, "adress_forest": "16-13-2-05-122   -d   -00", "area_type_cd": "D-STAN    ", "site_type_cd": "LMWYŻW ", "silviculture_cd": "O    ", "forest_func_cd": "OCHR  ", "stand_struct_cd": "DRZEW  ", "rotation_age": 100, "sub_area": 9.16, "prot_category_cd": "OCH MIAST", "species_cd_d": "SO       ", "part_cd": "8  ", "species_age": 77, "a_year": 2025, "st_area(geom)": 91914.13805, "st_length(geom)": 1306.3818637978186}}, {"type": "Feature", "id": 14550579, "geometry": {"type": "Polygon", "coordinates": [[[20.838346144154393, 51.13051603230116], [20.83856492258717, 51.13077239593021], [20.83883903490338, 51.131093559518796], [20.83915342639153, 51.13099622570477], [20.839431161927326, 51.13121054867103], [20.839609500204674, 51.13126216842532], [20.839636112559827, 51.131269846072776], [20.839671258742758, 51.131279998268894], [20.839676681347612, 51.131290528198534], [20.84039062365577, 51.13271630964647], [20.840358880736034, 51.13271267115562], [20.840339776400985, 51.13271045299522], [20.840250145372387, 51.132700079067384], [20.84016890677652, 51.13244047438453], [20.8393803597734, 51.13242184659173], [20.839369194183345, 51.132597803623504], [20.838860260289422, 51.132538339345814], [20.838866823030592, 51.13240842420061], [20.838241932272823, 51.13208243100494], [20.8377015273621, 51.131665866504264], [20.837869516786057, 51.131456858236305], [20.83734854539916, 51.13091368313066], [20.83821131212298, 51.13056978919137], [20.838346144154393, 51.13051603230116]]]}, "properties": {"subarea_id": 14550579, "arodes_int_num": 1613018369, "adress_forest": "16-13-2-05-99    -a   -00", "area_type_cd": "D-STAN    ", "site_type_cd": "LMWYŻŚW", "silviculture_cd": "O    ", "forest_func_cd": "OCHR  ", "stand_struct_cd": "DRZEW  ", "rotation_age": 80, "sub_area": 2.36, "prot_category_cd": "OCH MIAST", "species_cd_d": "BRZ      ", "part_cd": "8  ", "species_age": 47, "a_year": 2025, "st_area(geom)": 24235.1303, "st_length(geom)": 774.7671744883373}}, {"type": "Feature", "id": 14550666, "geometry": {"type": "Polygon", "coordinates": [[[20.84850475288195, 51.136996695296155], [20.848630468260893, 51.137222845729575], [20.849411231895356, 51.13876914190278], [20.850381170260754, 51.140624779462414], [20.850406563759737, 51.140673315708305], [20.85039231202603, 51.14067453080819], [20.84702466083085, 51.1409594235116], [20.84707390356881, 51.140767211329454], [20.846959204117017, 51.14051974478822], [20.846911013657316, 51.14041588283717], [20.84680224729515, 51.14031702585812], [20.846592223336568, 51.140167681308526], [20.84618775643787, 51.13997984533832], [20.845987176387947, 51.13993092557342], [20.845837714000222, 51.139915922954394], [20.845738949859456, 51.13992791739742], [20.845673616065053, 51.139939114175604], [20.845426767855486, 51.13998142327908], [20.84509105010693, 51.14000057527407], [20.844899522651705, 51.14007466564622], [20.844689266887606, 51.14015606803222], [20.844685224433846, 51.14000086134581], [20.84465127444296, 51.138697250872845], [20.84464675841734, 51.138522980159514], [20.844630630418504, 51.137906740522816], [20.844804050484417, 51.13791668874231], [20.845071785862622, 51.13785695892587], [20.84549372404549, 51.13778786775838], [20.845950465429894, 51.137766803865034], [20.846429254854613, 51.137603073656656], [20.84652340142898, 51.137611662348775], [20.84714324697285, 51.13766817194998], [20.847521782772446, 51.137343013890984], [20.84801485297096, 51.13740107221717], [20.84850475288195, 51.136996695296155]]]}, "properties": {"subarea_id": 14550666, "arodes_int_num": 1613018349, "adress_forest": "16-13-2-05-66    -a   -00", "area_type_cd": "D-STAN    ", "site_type_cd": "LMWYŻŚW", "silviculture_cd": "O    ", "forest_func_cd": "OCHR  ", "stand_struct_cd": "2 PIĘTR", "rotation_age": 100, "sub_area": 11.02, "prot_category_cd": "OCH MIAST", "species_cd_d": "SO       ", "part_cd": "8  ", "species_age": 113, "a_year": 2025, "st_area(geom)": 111549.96655, "st_length(geom)": 1483.3456474512057}}, {"type": "Feature", "id": 14550731, "geometry": {"type": "Polygon", "coordinates": [[[20.838072467066894, 51.13020925428756], [20.838356337139, 51.13040189299059], [20.838354943783553, 51.13041720806179], [20.838346144154393, 51.13051603230116], [20.83821131212298, 51.13056978919137], [20.83734854539916, 51.13091368313066], [20.837869516786057, 51.131456858236305], [20.8377015273621, 51.131665866504264], [20.838241932272823, 51.13208243100494], [20.838866823030592, 51.13240842420061], [20.838860260289422, 51.132538339345814], [20.8386366076903, 51.13251225994657], [20.838070523953924, 51.13244658414011], [20.837314394185228, 51.13235852361106], [20.836882006439502, 51.13230747351629], [20.836492055713187, 51.13152060426862], [20.83663180760625, 51.1314033504896], [20.837614819674375, 51.13058744233684], [20.837814820767537, 51.130421381517685], [20.837857454187684, 51.130386076835826], [20.837920012859332, 51.130334086234335], [20.838072467066894, 51.13020925428756]]]}, "properties": {"subarea_id": 14550731, "arodes_int_num": 1613018370, "adress_forest": "16-13-2-05-99    -b   -00", "area_type_cd": "D-STAN    ", "site_type_cd": "LMWYŻŚW", "silviculture_cd": "O    ", "forest_func_cd": "OCHR  ", "stand_struct_cd": "KDO    ", "rotation_age": 80, "sub_area": 1.6, "prot_category_cd": "OCH MIAST", "species_cd_d": "BRZ      ", "part_cd": "5  ", "species_age": 83, "a_year": 2025, "st_area(geom)": 15959.70095, "st_length(geom)": 767.5903036349704}}, {"type": "Feature", "id": 14550733, "geometry": {"type": "Polygon", "coordinates": [[[20.838065492638886, 51.12006675081836], [20.838070970703015, 51.120075120921484], [20.83818823169941, 51.120256435610706], [20.839281793680886, 51.12192796336573], [20.840027893418416, 51.123073556988174], [20.840874664787176, 51.1243664443243], [20.839561048562913, 51.12462848357993], [20.83857178565378, 51.122579556064494], [20.83851353033762, 51.12245884643569], [20.838441561598422, 51.12230956526302], [20.838161205157864, 51.12172887452662], [20.837943782452346, 51.12127862513283], [20.83784301303646, 51.12106988307224], [20.837589611603555, 51.12054490216632], [20.837424825275875, 51.12020330562224], [20.837420193713683, 51.12019465230534], [20.837573080722375, 51.1201643617054], [20.837614068405, 51.12015625076773], [20.837740716931894, 51.120131140253754], [20.83791487762127, 51.12009664650832], [20.838065492638886, 51.12006675081836]]]}, "properties": {"subarea_id": 14550733, "arodes_int_num": 1613004050, "adress_forest": "16-13-2-05-121   -c   -00", "area_type_cd": "D-STAN    ", "site_type_cd": "LMWYŻW ", "silviculture_cd": "O    ", "forest_func_cd": "OCHR  ", "stand_struct_cd": "KO     ", "rotation_age": 100, "sub_area": 3.67, "prot_category_cd": "OCH MIAST", "species_cd_d": "SO       ", "part_cd": "10 ", "species_age": 108, "a_year": 2025, "st_area(geom)": 37005.6572, "st_length(geom)": 1175.99701622287}}, {"type": "Feature", "id": 14550762, "geometry": {"type": "Polygon", "coordinates": [[[20.841038190116294, 51.127687796498904], [20.841327354595773, 51.128286783240846], [20.84133467051462, 51.12830178127182], [20.84158130367961, 51.12881255689181], [20.841688184187532, 51.12903388373629], [20.841694732305942, 51.12904754444156], [20.841733838875246, 51.129128521976334], [20.84168178183895, 51.129138877753796], [20.841655824750827, 51.12914405450858], [20.84162149866218, 51.12915089240257], [20.84156972375378, 51.1291611537259], [20.841427032781997, 51.12918966949768], [20.841338527716438, 51.12920743612697], [20.841247318623335, 51.129225515153195], [20.841185195677884, 51.12923800834853], [20.841156116609017, 51.12924377391595], [20.84090988187269, 51.12929299108526], [20.84083229224207, 51.12930842642047], [20.84080633495947, 51.12931360298847], [20.84078052054947, 51.129318777301165], [20.84071924389359, 51.129330987043225], [20.840659388841093, 51.129342994452145], [20.840590025231734, 51.12935677080086], [20.840521940339364, 51.12937034705836], [20.84031782829594, 51.129411073346276], [20.840112019206178, 51.12945227578419], [20.839921376312354, 51.129490180549965], [20.839866910939293, 51.12950111317341], [20.839798968491934, 51.129514686765454], [20.839704929162842, 51.129533528796024], [20.839585071499688, 51.12955745489935], [20.839525351580615, 51.12956927967793], [20.839465353016607, 51.12958128872941], [20.839349606455436, 51.12960434026989], [20.83922577993669, 51.12962913808012], [20.839105778887145, 51.12965306594445], [20.838986202778344, 51.12967689704097], [20.838866344355296, 51.1297008224145], [20.839257708585876, 51.13046868034628], [20.839671258742758, 51.131279998268894], [20.839636112559827, 51.131269846072776], [20.839609500204674, 51.13126216842532], [20.839431161927326, 51.13121054867103], [20.83915342639153, 51.13099622570477], [20.83883903490338, 51.131093559518796], [20.83856492258717, 51.13077239593021], [20.838346144154393, 51.13051603230116], [20.838354943783553, 51.13041720806179], [20.838356337139, 51.13040189299059], [20.838072467066894, 51.13020925428756], [20.839133526242907, 51.129340289042446], [20.840200127683964, 51.12842831575687], [20.840269596065177, 51.12836685927305], [20.84030992543321, 51.128331230092], [20.841038190116294, 51.127687796498904]]]}, "properties": {"subarea_id": 14550762, "arodes_int_num": 1613018371, "adress_forest": "16-13-2-05-99    -c   -00", "area_type_cd": "D-STAN    ", "site_type_cd": "LMWYŻŚW", "silviculture_cd": "O    ", "forest_func_cd": "OCHR  ", "stand_struct_cd": "DRZEW  ", "rotation_age": 140, "sub_area": 2.48, "prot_category_cd": "OCH MIAST", "species_cd_d": "DB       ", "part_cd": "9  ", "species_age": 67, "a_year": 2025, "st_area(geom)": 27256.0942, "st_length(geom)": 1099.7381789694832}}, {"type": "Feature", "id": 14551071, "geometry": {"type": "Polygon", "coordinates": [[[20.84389730230112, 51.118911497256505], [20.843906413979887, 51.11892853590072], [20.844132751056897, 51.11935380504282], [20.845792875708064, 51.1200399987845], [20.8456599941983, 51.12007358273528], [20.845145967387943, 51.12002295295542], [20.84470914918467, 51.12007329718729], [20.844414089443855, 51.120011472255186], [20.843948420934833, 51.12005165352632], [20.843839847729697, 51.119827026674905], [20.843449338167478, 51.11901913723221], [20.84344107655837, 51.119001905228956], [20.843505742121483, 51.1189890108006], [20.843555523308257, 51.11897922977875], [20.843685711345586, 51.118953427244406], [20.843814906470104, 51.11892782014421], [20.84389730230112, 51.118911497256505]]]}, "properties": {"subarea_id": 14551071, "arodes_int_num": 1613017550, "adress_forest": "16-13-2-05-120   -d   -00", "area_type_cd": "D-STAN    ", "site_type_cd": "LMWYŻW ", "silviculture_cd": "O    ", "forest_func_cd": "OCHR  ", "stand_struct_cd": "DRZEW  ", "rotation_age": 100, "sub_area": 0.79, "prot_category_cd": "OCH MIAST", "species_cd_d": "SO       ", "part_cd": "5  ", "species_age": 73, "a_year": 2025, "st_area(geom)": 7967.8197, "st_length(geom)": 478.51057682500976}}, {"type": "Feature", "id": 14551501, "geometry": {"type": "Polygon", "coordinates": [[[20.839561048562913, 51.12462848357993], [20.84025783900362, 51.12607153901115], [20.838608609919365, 51.12713895220648], [20.838576177779718, 51.1271538558132], [20.83757371424129, 51.12502479404536], [20.839561048562913, 51.12462848357993]]]}, "properties": {"subarea_id": 14551501, "arodes_int_num": 1613003923, "adress_forest": "16-13-2-05-99    -g   -00", "area_type_cd": "D-STAN    ", "site_type_cd": "LMWYŻW ", "silviculture_cd": "O    ", "forest_func_cd": "OCHR  ", "stand_struct_cd": "DRZEW  ", "rotation_age": 120, "sub_area": 2.98, "prot_category_cd": "OCH MIAST", "species_cd_d": "JD       ", "part_cd": "3  ", "species_age": 42, "a_year": 2025, "st_area(geom)": 30420.0781, "st_length(geom)": 728.8516512643915}}, {"type": "Feature", "id": 14551953, "geometry": {"type": "Polygon", "coordinates": [[[20.83411699449275, 51.126726058675274], [20.8351165087034, 51.12874409484928], [20.83550533296864, 51.12952900733788], [20.835696176895315, 51.12991427735275], [20.835957115763602, 51.13044103256145], [20.835366567375026, 51.13094751209668], [20.83488388738123, 51.131423508593784], [20.834288534735062, 51.132004184672795], [20.834054793083663, 51.132232121115194], [20.833904835173886, 51.13236626433937], [20.833688863801328, 51.13236074573796], [20.833282973178274, 51.13235046831686], [20.832139150073957, 51.132321439058146], [20.830401217144587, 51.13219734797774], [20.830046199419357, 51.13217186932864], [20.8300418253131, 51.13216249202914], [20.829462879651057, 51.13092812995806], [20.829907981481405, 51.130494845385776], [20.830967212769192, 51.12946360653162], [20.831485662014916, 51.12911426890137], [20.83364421720136, 51.12716977954111], [20.83411699449275, 51.126726058675274]]]}, "properties": {"subarea_id": 14551953, "arodes_int_num": 1613017630, "adress_forest": "16-13-2-05-100   -b   -00", "area_type_cd": "D-STAN    ", "site_type_cd": "LMWYŻŚW", "silviculture_cd": "O    ", "forest_func_cd": "OCHR  ", "stand_struct_cd": "2 PIĘTR", "rotation_age": 100, "sub_area": 15.84, "prot_category_cd": "OCH MIAST", "species_cd_d": "JD       ", "part_cd": "5  ", "species_age": 117, "a_year": 2025, "st_area(geom)": 161208.04635, "st_length(geom)": 1675.9533486052924}}, {"type": "Feature", "id": 14552126, "geometry": {"type": "Polygon", "coordinates": [[[20.87581940908383, 51.13127866231577], [20.87657262818716, 51.13127584088369], [20.8766225194071, 51.13127566980101], [20.877206478936273, 51.13127340193741], [20.87753249098503, 51.13126708744187], [20.877865913255654, 51.13126722010871], [20.878141289124994, 51.131267384706454], [20.877841174190042, 51.132373677939185], [20.877834212157904, 51.13239942841028], [20.877826872527336, 51.132426444388], [20.877819536536048, 51.132453550266845], [20.877595181200487, 51.13245652377135], [20.877362428412912, 51.13246044132802], [20.877131390197345, 51.13246433089272], [20.876906063698538, 51.1324680383474], [20.876677740204798, 51.132471883433965], [20.87617108316892, 51.13248037480008], [20.87616327428549, 51.13245351206312], [20.87615514684314, 51.132425844796096], [20.87581940908383, 51.13127866231577]]]}, "properties": {"subarea_id": 14552126, "arodes_int_num": 1613004148, "adress_forest": "16-13-2-08-185   -y   -00", "area_type_cd": "D-STAN    ", "site_type_cd": "LMWYŻŚW", "silviculture_cd": "O    ", "forest_func_cd": "OCHR  ", "stand_struct_cd": "DRZEW  ", "rotation_age": 100, "sub_area": 1.78, "prot_category_cd": "OCH MIAST", "species_cd_d": "MD       ", "part_cd": "5  ", "species_age": 57, "a_year": 2025, "st_area(geom)": 18438.9357, "st_length(geom)": 547.5108779546943}}, {"type": "Feature", "id": 14547720, "geometry": {"type": "Polygon", "coordinates": [[[20.86625429556446, 51.12806659957799], [20.867818366594985, 51.128138419153636], [20.86873962444846, 51.1281807320101], [20.8688278554659, 51.1281848092499], [20.869284473695444, 51.12820575685639], [20.86934635085304, 51.12820863578578], [20.869413239457504, 51.12821170443053], [20.87083827944519, 51.13106196648609], [20.869671002972414, 51.1313265000626], [20.869622686787444, 51.131337348242305], [20.868423875640193, 51.131607321352185], [20.86824704859676, 51.13164712068507], [20.868217984346817, 51.131582364052534], [20.8680507160472, 51.13121071284062], [20.867956057634288, 51.130778257770295], [20.8678578219111, 51.13052991811267], [20.867702614839416, 51.13023732853077], [20.86736980899557, 51.12978447785646], [20.867232998217762, 51.12953666382808], [20.86722444218249, 51.12948759230107], [20.86721045535046, 51.12940667167135], [20.86718977654884, 51.12928744495049], [20.86714811975741, 51.12919752040661], [20.86707497472995, 51.129039369190195], [20.866953509355938, 51.128898992012594], [20.866801171832982, 51.128804897358215], [20.86661393535587, 51.12868913955813], [20.86625429556446, 51.12806659957799]]]}, "properties": {"subarea_id": 14547720, "arodes_int_num": 1613003770, "adress_forest": "16-13-2-08-80    -a   -00", "area_type_cd": "D-STAN    ", "site_type_cd": "LMWYŻŚW", "silviculture_cd": "O    ", "forest_func_cd": "OCHR  ", "stand_struct_cd": "DRZEW  ", "rotation_age": null, "sub_area": 6.89, "prot_category_cd": "OCH MIAST", "species_cd_d": "SO       ", "part_cd": "6  ", "species_age": 4, "a_year": 2025, "st_area(geom)": 70978.84955, "st_length(geom)": 1174.2085815669432}}, {"type": "Feature", "id": 14552339, "geometry": {"type": "Polygon", "coordinates": [[[20.87083827944519, 51.13106196648609], [20.871242253087175, 51.131870090382286], [20.871824964635383, 51.13303528178953], [20.871929500739313, 51.1332442946873], [20.873434363703243, 51.13625355544128], [20.873456929019653, 51.13629880362654], [20.873406462254653, 51.13632021312685], [20.87323729674252, 51.13639066348841], [20.873141112120837, 51.136430707391135], [20.872267296688488, 51.136794737911885], [20.871332995717644, 51.13718033075036], [20.871173080809466, 51.13724631193932], [20.871001383502396, 51.1373179690151], [20.87098845108389, 51.137323483605556], [20.87091190406469, 51.13735772383675], [20.870843214007564, 51.13738823989681], [20.870652750942636, 51.13747324092624], [20.87047043011158, 51.137554512981836], [20.87028123361867, 51.13763904333349], [20.870089647058904, 51.13772460116206], [20.86989790961868, 51.13780998116443], [20.869872344572872, 51.13782136514146], [20.86980098884182, 51.13785318265033], [20.869708846661133, 51.13789432851879], [20.86961824718864, 51.13793472996476], [20.869498432226614, 51.137988192882716], [20.869412329015297, 51.13802663311365], [20.869134635550157, 51.138150629576714], [20.869013547855076, 51.13820447217578], [20.869002875990624, 51.138209320687565], [20.866849269695408, 51.134247793091724], [20.86684463481526, 51.13423923093458], [20.86724565803575, 51.13418847674772], [20.86758018161323, 51.134027592815606], [20.86917785995137, 51.13325899126543], [20.86824704859676, 51.13164712068507], [20.868423875640193, 51.131607321352185], [20.869622686787444, 51.131337348242305], [20.869671002972414, 51.1313265000626], [20.87083827944519, 51.13106196648609]]]}, "properties": {"subarea_id": 14552339, "arodes_int_num": 1613003726, "adress_forest": "16-13-2-08-61    -a   -00", "area_type_cd": "D-STAN    ", "site_type_cd": "LMWYŻŚW", "silviculture_cd": "O    ", "forest_func_cd": "OCHR  ", "stand_struct_cd": "DRZEW  ", "rotation_age": 120, "sub_area": 19.79, "prot_category_cd": "OCH MIAST", "species_cd_d": "JD       ", "part_cd": "3  ", "species_age": 87, "a_year": 2025, "st_area(geom)": 201633.76105, "st_length(geom)": 2036.2933977327004}}, {"type": "Feature", "id": 14547253, "geometry": {"type": "Polygon", "coordinates": [[[20.86824704859676, 51.13164712068507], [20.86917785995137, 51.13325899126543], [20.86758018161323, 51.134027592815606], [20.86724565803575, 51.13418847674772], [20.86684463481526, 51.13423923093458], [20.866307793296034, 51.13325149416588], [20.865731139059406, 51.132190623002295], [20.866506395248766, 51.13203899081669], [20.866521557037544, 51.132035600162794], [20.86824704859676, 51.13164712068507]]]}, "properties": {"subarea_id": 14547253, "arodes_int_num": 1613003728, "adress_forest": "16-13-2-08-61    -b   -00", "area_type_cd": "D-STAN    ", "site_type_cd": "LMWYŻŚW", "silviculture_cd": "O    ", "forest_func_cd": "OCHR  ", "stand_struct_cd": "DRZEW  ", "rotation_age": 120, "sub_area": 4.15, "prot_category_cd": "OCH MIAST", "species_cd_d": "JD       ", "part_cd": "3  ", "species_age": 87, "a_year": 2025, "st_area(geom)": 41493.8035, "st_length(geom)": 816.3744071189577}}, {"type": "Feature", "id": 14547561, "geometry": {"type": "Polygon", "coordinates": [[[20.8672447436746, 51.12464246495029], [20.867267653805495, 51.124675294335404], [20.866773372109474, 51.12515170044878], [20.866710504051937, 51.12522341297044], [20.866626723671985, 51.12531893895261], [20.8664560662833, 51.12553603864712], [20.86602864773546, 51.12600120847538], [20.86572494637428, 51.12592527131307], [20.86547061031652, 51.12578656315048], [20.865242873378254, 51.125697717781776], [20.8656693863683, 51.12529508758526], [20.86554992650976, 51.12523959931718], [20.865676994745968, 51.125114955919756], [20.865703445968187, 51.125058308709114], [20.86536149024517, 51.12490912382671], [20.864965932884797, 51.12490553889944], [20.864970310073303, 51.12481901737734], [20.86510993293075, 51.124700831365914], [20.8672447436746, 51.12464246495029]]]}, "properties": {"subarea_id": 14547561, "arodes_int_num": 1613017828, "adress_forest": "16-13-2-08-80    -i   -00", "area_type_cd": "N-CTWO    ", "site_type_cd": null, "silviculture_cd": null, "forest_func_cd": null, "stand_struct_cd": null, "rotation_age": null, "sub_area": 1.18, "prot_category_cd": null, "species_cd_d": null, "part_cd": null, "species_age": null, "a_year": 2025, "st_area(geom)": 12204.6452, "st_length(geom)": 559.8930757633291}}, {"type": "Feature", "id": 14547698, "geometry": {"type": "Polygon", "coordinates": [[[20.86893048255185, 51.127245873971795], [20.871716999608232, 51.12818393083295], [20.869341229837918, 51.12806766016187], [20.86893048255185, 51.127245873971795]]]}, "properties": {"subarea_id": 14547698, "arodes_int_num": 1613003767, "adress_forest": "16-13-2-08-79    -g   -00", "area_type_cd": "D-STAN    ", "site_type_cd": "LMWYŻŚW", "silviculture_cd": "O    ", "forest_func_cd": "OCHR  ", "stand_struct_cd": "DRZEW  ", "rotation_age": 140, "sub_area": 0.74, "prot_category_cd": "OCH MIAST", "species_cd_d": "DB       ", "part_cd": "4  ", "species_age": 76, "a_year": 2025, "st_area(geom)": 7409.26825, "st_length(geom)": 483.6492797653411}}, {"type": "Feature", "id": 14548013, "geometry": {"type": "Polygon", "coordinates": [[[20.872755206059786, 51.1306256463277], [20.872713572057318, 51.132462489501016], [20.872711715475017, 51.132547351632105], [20.872413449747807, 51.13283685250795], [20.87212614165305, 51.132983770282486], [20.871929500739313, 51.1332442946873], [20.871824964635383, 51.13303528178953], [20.871242253087175, 51.131870090382286], [20.87083827944519, 51.13106196648609], [20.871963466725422, 51.130807001132055], [20.87272503087155, 51.130632516846084], [20.872755206059786, 51.1306256463277]]]}, "properties": {"subarea_id": 14548013, "arodes_int_num": 1613003723, "adress_forest": "16-13-2-08-60    -b   -00", "area_type_cd": "D-STAN    ", "site_type_cd": "LMWYŻŚW", "silviculture_cd": "O    ", "forest_func_cd": "OCHR  ", "stand_struct_cd": "DRZEW  ", "rotation_age": 80, "sub_area": 2.29, "prot_category_cd": "OCH MIAST", "species_cd_d": "DB.C     ", "part_cd": "6  ", "species_age": 78, "a_year": 2025, "st_area(geom)": 23739.82995, "st_length(geom)": 707.0626599353475}}, {"type": "Feature", "id": 14548133, "geometry": {"type": "Polygon", "coordinates": [[[20.87335683632035, 51.140050032202794], [20.87337459519342, 51.14060875922356], [20.872712981464332, 51.14043718887868], [20.87169155580759, 51.14026858643747], [20.87125985138966, 51.14026200232013], [20.871231233062506, 51.14026156073018], [20.8712272481132, 51.140152413068364], [20.871255859101414, 51.14015267485638], [20.871850273506823, 51.140158633348285], [20.8725947969816, 51.1400893172104], [20.87335683632035, 51.140050032202794]]]}, "properties": {"subarea_id": 14548133, "arodes_int_num": 1613017910, "adress_forest": "16-13-2-08-185   -l   -00", "area_type_cd": "PS        ", "site_type_cd": null, "silviculture_cd": null, "forest_func_cd": null, "stand_struct_cd": null, "rotation_age": null, "sub_area": 0.45, "prot_category_cd": null, "species_cd_d": null, "part_cd": null, "species_age": null, "a_year": 2025, "st_area(geom)": 4520.5283, "st_length(geom)": 380.1382681420961}}, {"type": "Feature", "id": 14548446, "geometry": {"type": "Polygon", "coordinates": [[[20.869413239457504, 51.12821170443053], [20.87106812953201, 51.128287695831744], [20.870993244184422, 51.12867041530119], [20.870415916790922, 51.128846619079404], [20.87066924706245, 51.12948677051947], [20.87115125557455, 51.12953069428182], [20.871546737254025, 51.12961981180416], [20.871896340420225, 51.12951480887589], [20.872209135892888, 51.12935875719259], [20.872487055283916, 51.12912166937103], [20.87270496450348, 51.1288855421208], [20.872517851986363, 51.12870960835839], [20.872623881542815, 51.12848921691841], [20.873469030344612, 51.128773714915496], [20.87352236852526, 51.12879166186173], [20.87520748187698, 51.1293589228381], [20.875211955019548, 51.12937405436398], [20.87531518753026, 51.129638950575675], [20.87535844542844, 51.12975034709499], [20.875375499812286, 51.12979370422206], [20.875384651099143, 51.12982549329459], [20.875444136013463, 51.130026859550846], [20.874823084370636, 51.13016132524724], [20.87407447543892, 51.13032347101925], [20.872755206059786, 51.1306256463277], [20.87272503087155, 51.130632516846084], [20.871963466725422, 51.130807001132055], [20.87083827944519, 51.13106196648609], [20.869413239457504, 51.12821170443053]]]}, "properties": {"subarea_id": 14548446, "arodes_int_num": 1613003757, "adress_forest": "16-13-2-08-79    -a   -00", "area_type_cd": "D-STAN    ", "site_type_cd": "LMWYŻŚW", "silviculture_cd": "O    ", "forest_func_cd": "OCHR  ", "stand_struct_cd": "2 PIĘTR", "rotation_age": 100, "sub_area": 6.12, "prot_category_cd": "OCH MIAST", "species_cd_d": "SO       ", "part_cd": "6  ", "species_age": 76, "a_year": 2025, "st_area(geom)": 63679.62595, "st_length(geom)": 1463.5936041413026}}, {"type": "Feature", "id": 14548647, "geometry": {"type": "Polygon", "coordinates": [[[20.86038336161412, 51.13700332544345], [20.86038502300939, 51.13707310790876], [20.86042735848161, 51.13890509758218], [20.860429818361162, 51.13900896212292], [20.860496625944233, 51.14189399187247], [20.860445314810416, 51.14191603884418], [20.8603864163015, 51.14194144507031], [20.860313453851543, 51.14197274249958], [20.860270162248586, 51.14199151320485], [20.86023359434041, 51.14041680781049], [20.860155698880416, 51.13705264732041], [20.86038336161412, 51.13700332544345]]]}, "properties": {"subarea_id": 14548647, "arodes_int_num": 1613010997, "adress_forest": "16-13-2-08-63    -b   -00", "area_type_cd": "L ENERG   ", "site_type_cd": null, "silviculture_cd": null, "forest_func_cd": null, "stand_struct_cd": null, "rotation_age": null, "sub_area": 0.88, "prot_category_cd": null, "species_cd_d": null, "part_cd": null, "species_age": null, "a_year": 2025, "st_area(geom)": 8746.8898, "st_length(geom)": 1129.1640675142394}}, {"type": "Feature", "id": 14548749, "geometry": {"type": "Polygon", "coordinates": [[[20.863596135497065, 51.1326612496011], [20.864225388017058, 51.133878902263135], [20.864174702280096, 51.13394106315047], [20.863878628260693, 51.13430427408671], [20.863640149607296, 51.13477343865846], [20.863441418207923, 51.135029573681926], [20.863288503620215, 51.13537961608773], [20.862965401220528, 51.136119647776304], [20.862548554916323, 51.13653452722933], [20.862382219387534, 51.1362173692157], [20.862344589996805, 51.1361457307525], [20.862256315238135, 51.13597747231591], [20.862200399065905, 51.1358706808465], [20.862052970329817, 51.135589744968286], [20.861980341919374, 51.13545137372346], [20.861864346843003, 51.135230210182506], [20.861860631632943, 51.13522316250776], [20.861765881509125, 51.13504313209702], [20.861651143784048, 51.134824737079335], [20.861620171029692, 51.134765676744266], [20.861537647946204, 51.13460875109396], [20.861454836033435, 51.13445174002318], [20.861369675214444, 51.134289638569925], [20.86135402822315, 51.13425966112282], [20.861459908434693, 51.13421524445743], [20.861857840531165, 51.13404841967081], [20.86156304096478, 51.13337733444691], [20.86089808224104, 51.13339268794317], [20.86085319233009, 51.13330749063812], [20.86278351678608, 51.13285133080434], [20.86279881115748, 51.132847668644466], [20.863274744195213, 51.13273645084175], [20.863596135497065, 51.1326612496011]]]}, "properties": {"subarea_id": 14548749, "arodes_int_num": 1613003741, "adress_forest": "16-13-2-08-62    -f   -00", "area_type_cd": "D-STAN    ", "site_type_cd": "LMWYŻŚW", "silviculture_cd": "O    ", "forest_func_cd": "OCHR  ", "stand_struct_cd": "DRZEW  ", "rotation_age": 140, "sub_area": 4.87, "prot_category_cd": "OCH MIAST", "species_cd_d": "DB       ", "part_cd": "4  ", "species_age": 67, "a_year": 2025, "st_area(geom)": 49583.3424, "st_length(geom)": 1109.9091278755143}}, {"type": "Feature", "id": 14548935, "geometry": {"type": "Polygon", "coordinates": [[[20.872176310896837, 51.128338594808554], [20.872229019048653, 51.12834098931992], [20.873491605492056, 51.128398938877254], [20.874013973627836, 51.12842295254919], [20.87403681201763, 51.12848915700584], [20.874708457508895, 51.128397154925395], [20.874770378284495, 51.12860936766634], [20.874779840136114, 51.12864178152964], [20.87480671131448, 51.1286416205072], [20.874951211232503, 51.12864065262074], [20.874994520164428, 51.12864040785827], [20.875019692757043, 51.1287253763753], [20.875027152638598, 51.12875071547072], [20.875061787455138, 51.12886809781468], [20.87506973791594, 51.12889495836242], [20.875085799949435, 51.1289491266731], [20.875101847455266, 51.12900293537356], [20.87511094739975, 51.12903346585019], [20.87513064442532, 51.12909972048018], [20.87516063102505, 51.12920116442853], [20.87518745152539, 51.12929150408627], [20.87520748187698, 51.1293589228381], [20.87352236852526, 51.12879166186173], [20.873469030344612, 51.128773714915496], [20.872623881542815, 51.12848921691841], [20.872176310896837, 51.128338594808554]]]}, "properties": {"subarea_id": 14548935, "arodes_int_num": 1613003759, "adress_forest": "16-13-2-08-79    -b   -00", "area_type_cd": "D-STAN    ", "site_type_cd": "LMWYŻŚW", "silviculture_cd": "O    ", "forest_func_cd": "OCHR  ", "stand_struct_cd": "KO     ", "rotation_age": 100, "sub_area": 0.8300000000000001, "prot_category_cd": "OCH MIAST", "species_cd_d": "SO       ", "part_cd": "10 ", "species_age": 108, "a_year": 2025, "st_area(geom)": 9159.48225, "st_length(geom)": 549.0301851578259}}, {"type": "Feature", "id": 14548943, "geometry": {"type": "Polygon", "coordinates": [[[20.86816199805564, 51.12607877875405], [20.868209158583458, 51.126152782038375], [20.868402389407684, 51.1264561883442], [20.868595652864837, 51.12657616505092], [20.868819604813577, 51.12702427533909], [20.867859442247216, 51.12683918833991], [20.867421576001426, 51.12675469373583], [20.867460326284526, 51.126673380522305], [20.867466258511772, 51.12666096122488], [20.867528341475502, 51.126530786763084], [20.867628114284578, 51.12632138501026], [20.867865388216618, 51.1261042988312], [20.86816199805564, 51.12607877875405]]]}, "properties": {"subarea_id": 14548943, "arodes_int_num": 1613003778, "adress_forest": "16-13-2-08-80    -g   -00", "area_type_cd": "D-STAN    ", "site_type_cd": "LMWYŻŚW", "silviculture_cd": "O    ", "forest_func_cd": "OCHR  ", "stand_struct_cd": "KO     ", "rotation_age": 100, "sub_area": 0.53, "prot_category_cd": "OCH MIAST", "species_cd_d": "SO       ", "part_cd": "10 ", "species_age": 108, "a_year": 2025, "st_area(geom)": 5536.0601, "st_length(geom)": 319.3030186616257}}, {"type": "Feature", "id": 14549093, "geometry": {"type": "Polygon", "coordinates": [[[20.863683438288202, 51.138596586877505], [20.86453498248515, 51.140143815424885], [20.864497455832183, 51.140160066870635], [20.864495348406514, 51.14016100007558], [20.86439557388582, 51.14020460235364], [20.864274988922094, 51.14025699259013], [20.864258686596024, 51.14026408947416], [20.864199099490072, 51.140290048390305], [20.86404955616625, 51.14035486476164], [20.863935992827663, 51.140404084063356], [20.863818771499332, 51.14045480092185], [20.86368848367365, 51.1405113034479], [20.863446877896124, 51.14061599929892], [20.86338728263488, 51.14064177800485], [20.863328533916214, 51.14066727330949], [20.863176741367756, 51.14073311394974], [20.86309310965378, 51.14076926107003], [20.863049959611082, 51.14078794060548], [20.863006952445538, 51.14080661784822], [20.862956633256076, 51.14082838025476], [20.862922055971055, 51.14084332475565], [20.86288861110394, 51.140857981324224], [20.862679464410665, 51.14094848450118], [20.862666255004797, 51.14095427244869], [20.862521204576904, 51.14101712610163], [20.862407355759057, 51.14106643840218], [20.86229828252268, 51.141113605450165], [20.862186965867185, 51.1411618876431], [20.861950129109548, 51.14126443532064], [20.861869035355056, 51.14129973149689], [20.86179453543696, 51.14133186398623], [20.861711194609907, 51.14136818539016], [20.86159621520878, 51.14141787472924], [20.861475477342292, 51.14147017450665], [20.861393111096984, 51.141505850445455], [20.861310605425803, 51.14154161850467], [20.861169066301525, 51.14160297519922], [20.86109260437162, 51.14163612802336], [20.86101473487714, 51.14166984295916], [20.860921826455826, 51.14171009438652], [20.86084170622319, 51.14174474462559], [20.860750208575624, 51.14178452366279], [20.86066544779391, 51.14182113678618], [20.860591235636218, 51.14185335387717], [20.8605147620281, 51.14188623662362], [20.86051195070895, 51.14188745083554], [20.860496625944233, 51.14189399187247], [20.860429818361162, 51.13900896212292], [20.860485444759657, 51.139023190263735], [20.861059820283707, 51.13930641898731], [20.861314007708785, 51.13931190855368], [20.86203020304031, 51.139327493077005], [20.86286869277981, 51.13906674706516], [20.863442789392828, 51.13873545232897], [20.863683438288202, 51.138596586877505]]]}, "properties": {"subarea_id": 14549093, "arodes_int_num": 1613003746, "adress_forest": "16-13-2-08-63    -a   -00", "area_type_cd": "D-STAN    ", "site_type_cd": "LMWYŻŚW", "silviculture_cd": "O    ", "forest_func_cd": "OCHR  ", "stand_struct_cd": "DRZEW  ", "rotation_age": 120, "sub_area": 5.77, "prot_category_cd": "OCH MIAST", "species_cd_d": "JD       ", "part_cd": "5  ", "species_age": 72, "a_year": 2025, "st_area(geom)": 58380.46735, "st_length(geom)": 1111.8817994350818}}, {"type": "Feature", "id": 14549123, "geometry": {"type": "Polygon", "coordinates": [[[20.864954484179837, 51.12800682676809], [20.864996593743047, 51.12800876388242], [20.865953084271258, 51.12805278564152], [20.86625429556446, 51.12806659957799], [20.86661393535587, 51.12868913955813], [20.866801171832982, 51.128804897358215], [20.866953509355938, 51.128898992012594], [20.86707497472995, 51.129039369190195], [20.86714811975741, 51.12919752040661], [20.86718977654884, 51.12928744495049], [20.86721045535046, 51.12940667167135], [20.86722444218249, 51.12948759230107], [20.867232998217762, 51.12953666382808], [20.86736980899557, 51.12978447785646], [20.867702614839416, 51.13023732853077], [20.8678578219111, 51.13052991811267], [20.867956057634288, 51.130778257770295], [20.8680507160472, 51.13121071284062], [20.868217984346817, 51.131582364052534], [20.86824704859676, 51.13164712068507], [20.866521557037544, 51.132035600162794], [20.866506395248766, 51.13203899081669], [20.865731139059406, 51.132190623002295], [20.864535755066708, 51.12999127782823], [20.86431016130945, 51.12957629117177], [20.86430306392796, 51.12956336013662], [20.86390992500215, 51.12883969245045], [20.863716613971285, 51.128484103369374], [20.863700864469795, 51.12845511740718], [20.863602199040066, 51.128273531467435], [20.8636816995549, 51.128256071376846], [20.864954484179837, 51.12800682676809]]]}, "properties": {"subarea_id": 14549123, "arodes_int_num": 1613003772, "adress_forest": "16-13-2-08-80    -b   -00", "area_type_cd": "D-STAN    ", "site_type_cd": "LMWYŻŚW", "silviculture_cd": "O    ", "forest_func_cd": "OCHR  ", "stand_struct_cd": "DRZEW  ", "rotation_age": 140, "sub_area": 8.64, "prot_category_cd": "OCH MIAST", "species_cd_d": "DB       ", "part_cd": "4  ", "species_age": 14, "a_year": 2025, "st_area(geom)": 87088.9005, "st_length(geom)": 1264.5463166532259}}, {"type": "Feature", "id": 14549195, "geometry": {"type": "Polygon", "coordinates": [[[20.87295472733642, 51.136750532624276], [20.873144922776067, 51.136758011029244], [20.87315164964216, 51.137323392209275], [20.873167068753542, 51.13811056552483], [20.872305533451154, 51.13811797766312], [20.872300364672974, 51.137940749195806], [20.87230516775744, 51.13794283132299], [20.872947045687972, 51.13802341053552], [20.87295472733642, 51.136750532624276]]]}, "properties": {"subarea_id": 14549195, "arodes_int_num": 1613019247, "adress_forest": "16-13-2-08-185   -r   -00", "area_type_cd": "PS        ", "site_type_cd": null, "silviculture_cd": null, "forest_func_cd": null, "stand_struct_cd": null, "rotation_age": null, "sub_area": 0.28, "prot_category_cd": null, "species_cd_d": null, "part_cd": null, "species_age": null, "a_year": 2025, "st_area(geom)": 2817.2763, "st_length(geom)": 431.46026557665925}}, {"type": "Feature", "id": 14550357, "geometry": {"type": "Polygon", "coordinates": [[[20.864225388017058, 51.133878902263135], [20.86454854707065, 51.134504008931664], [20.864727041982903, 51.13484948738533], [20.864999041521337, 51.13537564308077], [20.865814712620935, 51.136859923443126], [20.86593153379248, 51.1370797205522], [20.865771191819555, 51.13724168842306], [20.864898624904697, 51.137805264626465], [20.863500452004317, 51.13826404284712], [20.862548554916323, 51.13653452722933], [20.862965401220528, 51.136119647776304], [20.863288503620215, 51.13537961608773], [20.863441418207923, 51.135029573681926], [20.863640149607296, 51.13477343865846], [20.863878628260693, 51.13430427408671], [20.864174702280096, 51.13394106315047], [20.864225388017058, 51.133878902263135]]]}, "properties": {"subarea_id": 14550357, "arodes_int_num": 1613018609, "adress_forest": "16-13-2-08-62    -d   -00", "area_type_cd": "D-STAN    ", "site_type_cd": "LMWYŻŚW", "silviculture_cd": "O    ", "forest_func_cd": "OCHR  ", "stand_struct_cd": "DRZEW  ", "rotation_age": 120, "sub_area": 6.1, "prot_category_cd": "OCH MIAST", "species_cd_d": "JD       ", "part_cd": "6  ", "species_age": 69, "a_year": 2025, "st_area(geom)": 60983.97815, "st_length(geom)": 1117.8508993108085}}, {"type": "Feature", "id": 14550719, "geometry": {"type": "Polygon", "coordinates": [[[20.867267653805495, 51.124675294335404], [20.867271750394476, 51.12468116627598], [20.867682914877275, 51.12532680966463], [20.86816199805564, 51.12607877875405], [20.867865388216618, 51.1261042988312], [20.867628114284578, 51.12632138501026], [20.867528341475502, 51.126530786763084], [20.867466258511772, 51.12666096122488], [20.867460326284526, 51.126673380522305], [20.867421576001426, 51.12675469373583], [20.866933981122674, 51.12686566535407], [20.866619004088193, 51.126850633633815], [20.8662329794653, 51.126832147241366], [20.865977675697444, 51.12672988946438], [20.86592739888813, 51.126709731195106], [20.86568681356444, 51.12671015225984], [20.865527401489295, 51.12668858676347], [20.865508387076733, 51.126685021886026], [20.86525759204289, 51.12663783615639], [20.865103722061757, 51.12675382064315], [20.864443054449477, 51.12690883445503], [20.86351972897219, 51.126786006548826], [20.8628583081698, 51.126904679497144], [20.862457661512174, 51.12616736261384], [20.862094542827297, 51.125499075739576], [20.86225572899243, 51.12548670267292], [20.86275885708283, 51.1253461760436], [20.862820100488907, 51.125304988049365], [20.862983089592262, 51.12519533836231], [20.863043914861475, 51.12515442679106], [20.86304303805673, 51.12517881995519], [20.863515245159245, 51.12526467264167], [20.864238638460005, 51.12539338752395], [20.865242873378254, 51.125697717781776], [20.86547061031652, 51.12578656315048], [20.86572494637428, 51.12592527131307], [20.86602864773546, 51.12600120847538], [20.8664560662833, 51.12553603864712], [20.866626723671985, 51.12531893895261], [20.866710504051937, 51.12522341297044], [20.866773372109474, 51.12515170044878], [20.867267653805495, 51.124675294335404]]]}, "properties": {"subarea_id": 14550719, "arodes_int_num": 1613018612, "adress_forest": "16-13-2-08-80    -h   -00", "area_type_cd": "D-STAN    ", "site_type_cd": "LMWYŻŚW", "silviculture_cd": "O    ", "forest_func_cd": "OCHR  ", "stand_struct_cd": "DRZEW  ", "rotation_age": 80, "sub_area": 5.75, "prot_category_cd": "OCH MIAST", "species_cd_d": "BRZ      ", "part_cd": "5  ", "species_age": 70, "a_year": 2025, "st_area(geom)": 57849.6233, "st_length(geom)": 1256.073307997561}}, {"type": "Feature", "id": 14550771, "geometry": {"type": "Polygon", "coordinates": [[[20.862548554916323, 51.13653452722933], [20.863500452004317, 51.13826404284712], [20.863683438288202, 51.138596586877505], [20.863442789392828, 51.13873545232897], [20.86286869277981, 51.13906674706516], [20.86203020304031, 51.139327493077005], [20.861314007708785, 51.13931190855368], [20.861059820283707, 51.13930641898731], [20.860485444759657, 51.139023190263735], [20.860429818361162, 51.13900896212292], [20.86042735848161, 51.13890509758218], [20.86038502300939, 51.13707310790876], [20.86038336161412, 51.13700332544345], [20.86054156284595, 51.13696905226127], [20.86123036616891, 51.1368200008911], [20.861238732186738, 51.136818248435105], [20.861566894864506, 51.13674708336312], [20.86189364560156, 51.136676389647384], [20.86222450322189, 51.13660473000065], [20.862548554916323, 51.13653452722933]]]}, "properties": {"subarea_id": 14550771, "arodes_int_num": 1613003752, "adress_forest": "16-13-2-08-63    -f   -00", "area_type_cd": "D-STAN    ", "site_type_cd": "LWYŻŚW ", "silviculture_cd": "O    ", "forest_func_cd": "OCHR  ", "stand_struct_cd": "DRZEW  ", "rotation_age": 120, "sub_area": 5.23, "prot_category_cd": "OCH MIAST", "species_cd_d": "JD       ", "part_cd": "5  ", "species_age": 72, "a_year": 2025, "st_area(geom)": 53234.8407, "st_length(geom)": 891.8240975968387}}, {"type": "Feature", "id": 14550855, "geometry": {"type": "Polygon", "coordinates": [[[20.87106812953201, 51.128287695831744], [20.872176310896837, 51.128338594808554], [20.872623881542815, 51.12848921691841], [20.872517851986363, 51.12870960835839], [20.87270496450348, 51.1288855421208], [20.872487055283916, 51.12912166937103], [20.872209135892888, 51.12935875719259], [20.871896340420225, 51.12951480887589], [20.871546737254025, 51.12961981180416], [20.87115125557455, 51.12953069428182], [20.87066924706245, 51.12948677051947], [20.870415916790922, 51.128846619079404], [20.870993244184422, 51.12867041530119], [20.87106812953201, 51.128287695831744]]]}, "properties": {"subarea_id": 14550855, "arodes_int_num": 1613003761, "adress_forest": "16-13-2-08-79    -c   -00", "area_type_cd": "D-STAN    ", "site_type_cd": "LMWYŻŚW", "silviculture_cd": "O    ", "forest_func_cd": "OCHR  ", "stand_struct_cd": "DRZEW  ", "rotation_age": 80, "sub_area": 1.65, "prot_category_cd": "OCH MIAST", "species_cd_d": "DB.C     ", "part_cd": "10 ", "species_age": 77, "a_year": 2025, "st_area(geom)": 16453.31745, "st_length(geom)": 505.1590068857267}}, {"type": "Feature", "id": 14551349, "geometry": {"type": "Polygon", "coordinates": [[[20.873145065674944, 51.13675800873989], [20.873249614756247, 51.13676209118051], [20.87326831477329, 51.13732296244818], [20.87315164964216, 51.137323392209275], [20.873145065674944, 51.13675800873989]]]}, "properties": {"subarea_id": 14551349, "arodes_int_num": 1613017918, "adress_forest": "16-13-2-08-185   -s   -00", "area_type_cd": "R         ", "site_type_cd": null, "silviculture_cd": null, "forest_func_cd": null, "stand_struct_cd": null, "rotation_age": null, "sub_area": 0.05, "prot_category_cd": null, "species_cd_d": null, "part_cd": null, "species_age": null, "a_year": 2025, "st_area(geom)": 484.3366, "st_length(geom)": 140.7405343793486}}, {"type": "Feature", "id": 14551562, "geometry": {"type": "Polygon", "coordinates": [[[20.86156304096478, 51.13337733444691], [20.861857840531165, 51.13404841967081], [20.861459908434693, 51.13421524445743], [20.86135402822315, 51.13425966112282], [20.861294734053555, 51.134146985635], [20.86121902106164, 51.134002905578654], [20.861151364318367, 51.1338742603056], [20.861078755875887, 51.13373624801595], [20.86102132235807, 51.13362714116925], [20.860947466760397, 51.133486539809155], [20.86089808224104, 51.13339268794317], [20.86156304096478, 51.13337733444691]]]}, "properties": {"subarea_id": 14551562, "arodes_int_num": 1613010993, "adress_forest": "16-13-2-08-62    -h   -00", "area_type_cd": "SKŁAD DR  ", "site_type_cd": null, "silviculture_cd": null, "forest_func_cd": null, "stand_struct_cd": null, "rotation_age": null, "sub_area": 0.35000000000000003, "prot_category_cd": null, "species_cd_d": null, "part_cd": null, "species_age": null, "a_year": 2025, "st_area(geom)": 3826.9764, "st_length(geom)": 267.87396358001223}}, {"type": "Feature", "id": 14551740, "geometry": {"type": "Polygon", "coordinates": [[[20.86599945535568, 51.116576094226], [20.866135632519015, 51.11663554325828], [20.86616054420555, 51.116661413982484], [20.86591506720829, 51.116652647989184], [20.86599945535568, 51.116576094226]]]}, "properties": {"subarea_id": 14551740, "arodes_int_num": 1613013946, "adress_forest": "16-13-2-08-81    -p   -00", "area_type_cd": "DROGI P   ", "site_type_cd": null, "silviculture_cd": null, "forest_func_cd": null, "stand_struct_cd": null, "rotation_age": null, "sub_area": 0.01, "prot_category_cd": null, "species_cd_d": null, "part_cd": null, "species_age": null, "a_year": 2025, "st_area(geom)": 83.94745, "st_length(geom)": 42.53117902067543}}, {"type": "Feature", "id": 14551847, "geometry": {"type": "Polygon", "coordinates": [[[20.86031458611553, 51.13245379543617], [20.860615838512324, 51.132926779162034], [20.86085319233009, 51.13330749063812], [20.859280198203944, 51.13365826082132], [20.859578415386533, 51.132746181810475], [20.86031458611553, 51.13245379543617]]]}, "properties": {"subarea_id": 14551847, "arodes_int_num": 1613019192, "adress_forest": "16-13-2-08-81    -c   -00", "area_type_cd": "SUKCESJA  ", "site_type_cd": "LMWYŻŚW", "silviculture_cd": "O    ", "forest_func_cd": "OCHR  ", "stand_struct_cd": null, "rotation_age": 140, "sub_area": 0.65, "prot_category_cd": "OCH MIAST", "species_cd_d": null, "part_cd": null, "species_age": null, "a_year": 2025, "st_area(geom)": 8240.3243, "st_length(geom)": 383.34209350143834}}, {"type": "Feature", "id": 14552141, "geometry": {"type": "Polygon", "coordinates": [[[20.86491929861811, 51.12470603153447], [20.86420976753716, 51.125304787368854], [20.864238638460005, 51.12539338752395], [20.863515245159245, 51.12526467264167], [20.86304303805673, 51.12517881995519], [20.863043914861475, 51.12515442679106], [20.86313132511538, 51.12509563925591], [20.86312000484387, 51.124835654993134], [20.863202294511456, 51.12475265976847], [20.86367252757759, 51.124739857001806], [20.86491929861811, 51.12470603153447]]]}, "properties": {"subarea_id": 14552141, "arodes_int_num": 1613019320, "adress_forest": "16-13-2-08-80    -k   -00", "area_type_cd": "D-STAN    ", "site_type_cd": "LMWYŻW ", "silviculture_cd": "O    ", "forest_func_cd": "OCHR  ", "stand_struct_cd": "DRZEW  ", "rotation_age": 80, "sub_area": 0.63, "prot_category_cd": "OCH MIAST", "species_cd_d": "BRZ      ", "part_cd": "8  ", "species_age": 31, "a_year": 2025, "st_area(geom)": 6276.88485, "st_length(geom)": 351.8294570063343}}, {"type": "Feature", "id": 14552212, "geometry": {"type": "Polygon", "coordinates": [[[20.86431016130945, 51.12957629117177], [20.864535755066708, 51.12999127782823], [20.865731139059406, 51.132190623002295], [20.86497829425356, 51.132337934280095], [20.86443693191023, 51.132464506122425], [20.864346281332313, 51.13248574287733], [20.863650311830877, 51.13119439740023], [20.8632813287186, 51.130509745207675], [20.86327452447154, 51.13049698936107], [20.863383675992125, 51.13040978771115], [20.86356597686129, 51.13027868898491], [20.86385245409432, 51.12992624676619], [20.863976091341268, 51.129826039279294], [20.864049610065177, 51.129766483055285], [20.86415330955331, 51.12968953307237], [20.864238057233738, 51.12962835832225], [20.864261537330258, 51.129611431267534], [20.86431016130945, 51.12957629117177]]]}, "properties": {"subarea_id": 14552212, "arodes_int_num": 1613003785, "adress_forest": "16-13-2-08-81    -a   -00", "area_type_cd": "D-STAN    ", "site_type_cd": "LMWYŻŚW", "silviculture_cd": "O    ", "forest_func_cd": "OCHR  ", "stand_struct_cd": "DRZEW  ", "rotation_age": 140, "sub_area": 2.6, "prot_category_cd": "OCH MIAST", "species_cd_d": "DB       ", "part_cd": "5  ", "species_age": 17, "a_year": 2025, "st_area(geom)": 27591.5921, "st_length(geom)": 769.2218654059611}}, {"type": "Feature", "id": 14552247, "geometry": {"type": "Polygon", "coordinates": [[[20.868595652864837, 51.12657616505092], [20.86881560162492, 51.126712627390766], [20.870501528791713, 51.1270309329062], [20.870939515509075, 51.12720663370079], [20.871639994302967, 51.12781749641509], [20.871888228126306, 51.127765663364386], [20.87196216482336, 51.127649600384004], [20.87211854740241, 51.1275713498449], [20.872253882090227, 51.12738980202839], [20.87303064224428, 51.12712942987604], [20.87376179465502, 51.1268903843655], [20.874188324454312, 51.1267510360833], [20.874262647262338, 51.1269660189918], [20.87444500165684, 51.127494040596325], [20.874579321369676, 51.12795491214767], [20.87388493166304, 51.12804997688301], [20.873969442737124, 51.12829412366198], [20.873498868747088, 51.12827107902073], [20.871770143453315, 51.12818649849529], [20.871716999608232, 51.12818393083295], [20.86893048255185, 51.127245873971795], [20.86892130555494, 51.127227488882475], [20.868819604813577, 51.12702427533909], [20.868595652864837, 51.12657616505092]]]}, "properties": {"subarea_id": 14552247, "arodes_int_num": 1613014548, "adress_forest": "16-13-2-08-79    -f   -00", "area_type_cd": "D-STAN    ", "site_type_cd": "LMWYŻŚW", "silviculture_cd": "O    ", "forest_func_cd": "OCHR  ", "stand_struct_cd": "DRZEW  ", "rotation_age": 100, "sub_area": 3.44, "prot_category_cd": "OCH MIAST", "species_cd_d": "SO       ", "part_cd": "10 ", "species_age": 108, "a_year": 2025, "st_area(geom)": 35504.9729, "st_length(geom)": 1157.6544435070546}}, {"type": "Feature", "id": 14547862, "geometry": {"type": "Polygon", "coordinates": [[[20.832064935212284, 51.122585718206736], [20.83241819922518, 51.123298330950064], [20.833660925954103, 51.12580500749113], [20.832122550910228, 51.12611168912693], [20.827573964528597, 51.1270182471775], [20.82755745361823, 51.12698387078461], [20.8274216809699, 51.12670963683813], [20.827395727625312, 51.12665696627156], [20.82734397818331, 51.126551982501894], [20.827318028568317, 51.126499401819174], [20.827291932594324, 51.1264467334584], [20.827291779077857, 51.12644646597864], [20.8272658331326, 51.126393975186474], [20.827240037214906, 51.12634166196309], [20.82722015655978, 51.12630158076586], [20.827200418810058, 51.12626149733175], [20.827160800545645, 51.126181332684546], [20.82712118596986, 51.12610125792573], [20.827081418020544, 51.126020915670985], [20.826953865342357, 51.12576283541992], [20.8269314935272, 51.125717575437555], [20.826911585037873, 51.125676774944054], [20.8268681735546, 51.125587403618695], [20.826824476507237, 51.125498036739], [20.82680270480342, 51.12545348703214], [20.826758990277845, 51.12536367060197], [20.82673736866528, 51.12531929845696], [20.82667842963587, 51.1251986837718], [20.826619923067742, 51.12507815225931], [20.826561138173055, 51.12495780498484], [20.82655226412761, 51.124939411923876], [20.82653391976583, 51.12490200539745], [20.82650669787894, 51.12484611589826], [20.826479476059347, 51.12479022639153], [20.82646142109624, 51.12475290529204], [20.82644308397869, 51.12471567855738], [20.826426588955773, 51.124681661592255], [20.826727772638087, 51.12455074249154], [20.826891082016598, 51.12447973131287], [20.827121148099895, 51.12437969914439], [20.827401617908325, 51.12415869245442], [20.827446748639378, 51.12415762717818], [20.828000185542948, 51.12414492681372], [20.828900847494044, 51.12358928286651], [20.82929488571852, 51.123630796675286], [20.830014768994044, 51.12355448948389], [20.83019205252505, 51.12368170618234], [20.830273814948384, 51.123630948303145], [20.83052133005261, 51.123477200074916], [20.83058882835156, 51.12326815615312], [20.830789129074514, 51.12311343737859], [20.83076633887001, 51.122884126897056], [20.83110486542118, 51.12274019710816], [20.831395408958404, 51.12277459866366], [20.831709587484948, 51.122709043678306], [20.832064935212284, 51.122585718206736]]]}, "properties": {"subarea_id": 14547862, "arodes_int_num": 1613018383, "adress_forest": "16-13-2-05-123   -a   -00", "area_type_cd": "D-STAN    ", "site_type_cd": "LMWYŻW ", "silviculture_cd": "O    ", "forest_func_cd": "OCHR  ", "stand_struct_cd": "W PIĘTR", "rotation_age": 120, "sub_area": 14.12, "prot_category_cd": "OCH WOD  ", "species_cd_d": "JD       ", "part_cd": "3  ", "species_age": 52, "a_year": 2025, "st_area(geom)": 144357.80085, "st_length(geom)": 1616.9132286707177}}, {"type": "Feature", "id": 14547839, "geometry": {"type": "Polygon", "coordinates": [[[20.865731139059406, 51.132190623002295], [20.866307793296034, 51.13325149416588], [20.86511840057488, 51.13354044404379], [20.86443693191023, 51.132464506122425], [20.86497829425356, 51.132337934280095], [20.865731139059406, 51.132190623002295]]]}, "properties": {"subarea_id": 14547839, "arodes_int_num": 1613003743, "adress_forest": "16-13-2-08-62    -g   -00", "area_type_cd": "D-STAN    ", "site_type_cd": "LMWYŻŚW", "silviculture_cd": "O    ", "forest_func_cd": "OCHR  ", "stand_struct_cd": "DRZEW  ", "rotation_age": 100, "sub_area": 1.13, "prot_category_cd": "OCH MIAST", "species_cd_d": "SO       ", "part_cd": "7  ", "species_age": 64, "a_year": 2025, "st_area(geom)": 11759.18585, "st_length(geom)": 438.2289279518514}}, {"type": "Feature", "id": 14548139, "geometry": {"type": "Polygon", "coordinates": [[[20.864881231079526, 51.127849305646464], [20.865183052133318, 51.127864102170236], [20.866087512601446, 51.12790841311477], [20.866112437588555, 51.12790963455508], [20.867627273874632, 51.12798377183948], [20.868072917556407, 51.12800561916153], [20.869055019422643, 51.128053614361605], [20.869341229837918, 51.12806766016187], [20.869413239457504, 51.12821170443053], [20.86934635085304, 51.12820863578578], [20.869284473695444, 51.12820575685639], [20.8688278554659, 51.1281848092499], [20.86873962444846, 51.1281807320101], [20.867818366594985, 51.128138419153636], [20.86625429556446, 51.12806659957799], [20.865953084271258, 51.12805278564152], [20.864996593743047, 51.12800876388242], [20.864954484179837, 51.12800682676809], [20.864881231079526, 51.127849305646464]]]}, "properties": {"subarea_id": 14548139, "arodes_int_num": 1613011011, "adress_forest": "16-13-2-08-80    -c   -00", "area_type_cd": "LINIE     ", "site_type_cd": null, "silviculture_cd": null, "forest_func_cd": null, "stand_struct_cd": null, "rotation_age": null, "sub_area": 0.5, "prot_category_cd": null, "species_cd_d": null, "part_cd": null, "species_age": null, "a_year": 2025, "st_area(geom)": 5111.5948, "st_length(geom)": 660.8599968445619}}, {"type": "Feature", "id": 14548339, "geometry": {"type": "Polygon", "coordinates": [[[20.869002875990624, 51.138209320687565], [20.86866252695322, 51.138361125631874], [20.8685311912715, 51.13841971946781], [20.868400833807677, 51.13847775776196], [20.868249692703756, 51.13854521396356], [20.868138927470923, 51.13859268346316], [20.868024358009794, 51.13864156303504], [20.867830939347243, 51.1387244475725], [20.867721151817044, 51.138771361291305], [20.867613614269356, 51.13881733936629], [20.86750762670129, 51.13886275282427], [20.867395452645425, 51.1389107838703], [20.867304640931337, 51.1389495676042], [20.867100529280872, 51.139036849804896], [20.86699791604791, 51.13908085951], [20.866899935116127, 51.13912272608041], [20.866856216538253, 51.139141416120914], [20.866668551307804, 51.13922168796279], [20.86659179698293, 51.13925448926917], [20.86651181007778, 51.13928869152766], [20.866438288004577, 51.13932009173361], [20.86622110020426, 51.13941297870673], [20.866109066369393, 51.13946100626096], [20.865990002914934, 51.13951202461179], [20.865789258068958, 51.1395978113964], [20.865715877916152, 51.1396292088762], [20.86548872380103, 51.13927632205194], [20.866825971548646, 51.13880643831316], [20.866845567048742, 51.13879946840354], [20.86844848402608, 51.13823419428375], [20.869002875990624, 51.138209320687565]]]}, "properties": {"subarea_id": 14548339, "arodes_int_num": 1613003731, "adress_forest": "16-13-2-08-62    -a   -00", "area_type_cd": "D-STAN    ", "site_type_cd": "LMWYŻŚW", "silviculture_cd": "O    ", "forest_func_cd": "OCHR  ", "stand_struct_cd": "DRZEW  ", "rotation_age": 120, "sub_area": 0.79, "prot_category_cd": "OCH MIAST", "species_cd_d": "BK       ", "part_cd": "6  ", "species_age": 57, "a_year": 2025, "st_area(geom)": 7851.01775, "st_length(geom)": 597.4192224358058}}, {"type": "Feature", "id": 14549528, "geometry": {"type": "Polygon", "coordinates": [[[20.865508387076733, 51.126685021886026], [20.865527401489295, 51.12668858676347], [20.86568681356444, 51.12671015225984], [20.86592739888813, 51.126709731195106], [20.865977675697444, 51.12672988946438], [20.8662329794653, 51.126832147241366], [20.866619004088193, 51.126850633633815], [20.866933981122674, 51.12686566535407], [20.867421576001426, 51.12675469373583], [20.867859442247216, 51.12683918833991], [20.868819604813577, 51.12702427533909], [20.86892130555494, 51.127227488882475], [20.86893048255185, 51.127245873971795], [20.869341229837918, 51.12806766016187], [20.869055019422643, 51.128053614361605], [20.868072917556407, 51.12800561916153], [20.867627273874632, 51.12798377183948], [20.866112437588555, 51.12790963455508], [20.866087512601446, 51.12790841311477], [20.866138060813828, 51.12782178433329], [20.865744126679537, 51.12711063969629], [20.865508387076733, 51.126685021886026]]]}, "properties": {"subarea_id": 14549528, "arodes_int_num": 1613003774, "adress_forest": "16-13-2-08-80    -d   -00", "area_type_cd": "D-STAN    ", "site_type_cd": "LMWYŻŚW", "silviculture_cd": "O    ", "forest_func_cd": "OCHR  ", "stand_struct_cd": "DRZEW  ", "rotation_age": 140, "sub_area": 2.75, "prot_category_cd": "OCH MIAST", "species_cd_d": "DB       ", "part_cd": "5  ", "species_age": 67, "a_year": 2025, "st_area(geom)": 27951.25675, "st_length(geom)": 736.863962686201}}, {"type": "Feature", "id": 14549934, "geometry": {"type": "Polygon", "coordinates": [[[20.86443693191023, 51.132464506122425], [20.86511840057488, 51.13354044404379], [20.866307793296034, 51.13325149416588], [20.86684463481526, 51.13423923093458], [20.866849269695408, 51.134247793091724], [20.869002875990624, 51.138209320687565], [20.86844848402608, 51.13823419428375], [20.866845567048742, 51.13879946840354], [20.86593153379248, 51.1370797205522], [20.865814712620935, 51.136859923443126], [20.864999041521337, 51.13537564308077], [20.864727041982903, 51.13484948738533], [20.86454854707065, 51.134504008931664], [20.864225388017058, 51.133878902263135], [20.863596135497065, 51.1326612496011], [20.864346281332313, 51.13248574287733], [20.86443693191023, 51.132464506122425]]]}, "properties": {"subarea_id": 14549934, "arodes_int_num": 1613003733, "adress_forest": "16-13-2-08-62    -b   -00", "area_type_cd": "D-STAN    ", "site_type_cd": "LMWYŻŚW", "silviculture_cd": "O    ", "forest_func_cd": "OCHR  ", "stand_struct_cd": "DRZEW  ", "rotation_age": 120, "sub_area": 10.06, "prot_category_cd": "OCH MIAST", "species_cd_d": "JD       ", "part_cd": "4  ", "species_age": 75, "a_year": 2025, "st_area(geom)": 102874.1018, "st_length(geom)": 1750.2469016521547}}, {"type": "Feature", "id": 14549946, "geometry": {"type": "Polygon", "coordinates": [[[20.86525759204289, 51.12663783615639], [20.865508387076733, 51.126685021886026], [20.865744126679537, 51.12711063969629], [20.866138060813828, 51.12782178433329], [20.866087512601446, 51.12790841311477], [20.865183052133318, 51.127864102170236], [20.864881231079526, 51.127849305646464], [20.86424264069985, 51.12783583063839], [20.86397307808823, 51.12725520815493], [20.863300736025163, 51.127386832022395], [20.863138536549897, 51.12742036326037], [20.8628583081698, 51.126904679497144], [20.86351972897219, 51.126786006548826], [20.864443054449477, 51.12690883445503], [20.865103722061757, 51.12675382064315], [20.86525759204289, 51.12663783615639]]]}, "properties": {"subarea_id": 14549946, "arodes_int_num": 1613003776, "adress_forest": "16-13-2-08-80    -f   -00", "area_type_cd": "D-STAN    ", "site_type_cd": "LMWYŻŚW", "silviculture_cd": "O    ", "forest_func_cd": "OCHR  ", "stand_struct_cd": "DRZEW  ", "rotation_age": 140, "sub_area": 1.9, "prot_category_cd": "OCH MIAST", "species_cd_d": "DB       ", "part_cd": "3  ", "species_age": 11, "a_year": 2025, "st_area(geom)": 19004.5745, "st_length(geom)": 661.1818174696847}}, {"type": "Feature", "id": 14550273, "geometry": {"type": "Polygon", "coordinates": [[[20.86593153379248, 51.1370797205522], [20.866845567048742, 51.13879946840354], [20.866825971548646, 51.13880643831316], [20.86548872380103, 51.13927632205194], [20.865715877916152, 51.1396292088762], [20.865690153416395, 51.13964023462839], [20.86556142406971, 51.13969626460735], [20.865369740428843, 51.13977983700508], [20.865135754329437, 51.13988180600043], [20.86492538104161, 51.13997359226488], [20.86482476074712, 51.140017478285024], [20.8647194966981, 51.14006323747559], [20.86461536122777, 51.140108618732334], [20.86453498248515, 51.140143815424885], [20.863683438288202, 51.138596586877505], [20.863500452004317, 51.13826404284712], [20.864898624904697, 51.137805264626465], [20.865771191819555, 51.13724168842306], [20.86593153379248, 51.1370797205522]]]}, "properties": {"subarea_id": 14550273, "arodes_int_num": 1613003735, "adress_forest": "16-13-2-08-62    -c   -00", "area_type_cd": "D-STAN    ", "site_type_cd": "LMWYŻŚW", "silviculture_cd": "O    ", "forest_func_cd": "OCHR  ", "stand_struct_cd": "DRZEW  ", "rotation_age": 120, "sub_area": 3.98, "prot_category_cd": "OCH MIAST", "species_cd_d": "JD       ", "part_cd": "5  ", "species_age": 69, "a_year": 2025, "st_area(geom)": 39737.43595, "st_length(geom)": 893.3943160855711}}, {"type": "Feature", "id": 14548059, "geometry": {"type": "Polygon", "coordinates": [[[20.829223170535045, 51.12180834391389], [20.8292523887161, 51.12190387385082], [20.829255347281585, 51.12191363317662], [20.829328579298185, 51.12199435071653], [20.829381934215462, 51.12205315917871], [20.82932664309081, 51.122079213103824], [20.829110835147908, 51.122167062008764], [20.829019109113144, 51.1222043910438], [20.82859476370557, 51.122401384007716], [20.828391377783838, 51.12264097933924], [20.828243090473972, 51.12292568211505], [20.828247480186047, 51.12293910743435], [20.828263936090032, 51.122990217124425], [20.82830891329265, 51.12311923574289], [20.828168134459684, 51.12325745642515], [20.827968428405494, 51.12333695498993], [20.827802701098697, 51.123560217438914], [20.82778935106497, 51.12355880688067], [20.82755235415415, 51.12353381472728], [20.82730829951761, 51.12337345301177], [20.827133471359687, 51.12340965048781], [20.82676605628518, 51.12357543048198], [20.826691368416697, 51.12407371504406], [20.826598040527397, 51.12407058528125], [20.826670765205773, 51.12396455595391], [20.826566124281328, 51.12354059131652], [20.826321699870224, 51.12313158458682], [20.826196195776095, 51.12314982781652], [20.826075643733496, 51.12348573138707], [20.82608753600313, 51.123801754129225], [20.82608823809117, 51.12381955519143], [20.826306897368653, 51.124068206813725], [20.826127267268905, 51.12407335170615], [20.82607881816468, 51.12397578247295], [20.82595504250849, 51.12372618829124], [20.82588903607139, 51.1235929992588], [20.82585470876502, 51.123523636655456], [20.825820078113967, 51.12345382898057], [20.825812932136557, 51.12343936710318], [20.825785447569775, 51.12338402129357], [20.825750817132462, 51.12331421359444], [20.825716497339776, 51.12324503075191], [20.82569397451203, 51.12319950300729], [20.825550475367493, 51.122910004389425], [20.825475919297595, 51.12275931651195], [20.82546442965262, 51.12273619634127], [20.82538459516874, 51.12257488561342], [20.82679187848983, 51.12229516949641], [20.827291701580336, 51.122195869208134], [20.828173332572376, 51.122020608106624], [20.828354286856992, 51.12198404334709], [20.82918190124248, 51.12181663621599], [20.829223170535045, 51.12180834391389]]]}, "properties": {"subarea_id": 14548059, "arodes_int_num": 1613018385, "adress_forest": "16-13-2-05-123   -c   -00", "area_type_cd": "D-STAN    ", "site_type_cd": "BMWYŻŚW", "silviculture_cd": "O    ", "forest_func_cd": "OCHR  ", "stand_struct_cd": "DRZEW  ", "rotation_age": 100, "sub_area": 2.86, "prot_category_cd": "OCH MIAST", "species_cd_d": "SO       ", "part_cd": "9  ", "species_age": 44, "a_year": 2025, "st_area(geom)": 28800.6935, "st_length(geom)": 1088.145612452481}}, {"type": "Feature", "id": 14550740, "geometry": {"type": "Polygon", "coordinates": [[[20.829034200230772, 51.13002237595965], [20.829136732735364, 51.1302328068676], [20.8294575667533, 51.13091669825344], [20.829462879651057, 51.13092812995806], [20.8300418253131, 51.13216249202914], [20.830046199419357, 51.13217186932864], [20.828302540103255, 51.13204729697022], [20.828287551846575, 51.13210582520089], [20.828272702890956, 51.132164261290974], [20.828265891632974, 51.13219090589605], [20.828257714562366, 51.132222789517485], [20.828250542094374, 51.13225114900289], [20.828243119352226, 51.132280411997684], [20.828235803978462, 51.132308773716446], [20.82823085547293, 51.13232828237902], [20.828226049852304, 51.13234778880703], [20.82819754257968, 51.13245861504933], [20.828176994055298, 51.13253927031615], [20.82813776672476, 51.132693624707635], [20.828128727743884, 51.13272903021932], [20.828119549410644, 51.13276452786858], [20.828112648359035, 51.13279252325985], [20.82755699168041, 51.13268282321492], [20.827310714512382, 51.132753512538834], [20.82692864159923, 51.1327272777736], [20.826499501520132, 51.13280541053792], [20.826086287636574, 51.13282337987272], [20.825850274186564, 51.13278100648403], [20.824791940013867, 51.13316159562428], [20.82457163017542, 51.133140384942955], [20.82362007292637, 51.131365124565704], [20.82350386129825, 51.13112989355408], [20.829034200230772, 51.13002237595965]]]}, "properties": {"subarea_id": 14550740, "arodes_int_num": 1613003939, "adress_forest": "16-13-2-05-101   -b   -00", "area_type_cd": "D-STAN    ", "site_type_cd": "LMWYŻW ", "silviculture_cd": "O    ", "forest_func_cd": "OCHR  ", "stand_struct_cd": "W PIĘTR", "rotation_age": 120, "sub_area": 9.43, "prot_category_cd": "OCH WOD  ", "species_cd_d": "JD       ", "part_cd": "3  ", "species_age": 57, "a_year": 2025, "st_area(geom)": 95079.21385, "st_length(geom)": 1362.6075970093204}}, {"type": "Feature", "id": 14551679, "geometry": {"type": "Polygon", "coordinates": [[[20.831456261846512, 51.12135686815542], [20.831460185260294, 51.12136571271511], [20.832064935212284, 51.122585718206736], [20.831709587484948, 51.122709043678306], [20.831395408958404, 51.12277459866366], [20.83110486542118, 51.12274019710816], [20.83076633887001, 51.122884126897056], [20.830789129074514, 51.12311343737859], [20.83058882835156, 51.12326815615312], [20.83052133005261, 51.123477200074916], [20.830273814948384, 51.123630948303145], [20.83019205252505, 51.12368170618234], [20.830014768994044, 51.12355448948389], [20.82929488571852, 51.123630796675286], [20.828900847494044, 51.12358928286651], [20.828000185542948, 51.12414492681372], [20.827446748639378, 51.12415762717818], [20.827401617908325, 51.12415869245442], [20.827121148099895, 51.12437969914439], [20.826891082016598, 51.12447973131287], [20.826727772638087, 51.12455074249154], [20.826426588955773, 51.124681661592255], [20.82642502907539, 51.12467835745122], [20.826411346825516, 51.12465041380345], [20.82639780745775, 51.12462246792194], [20.826370585907405, 51.12456657838515], [20.826343517928663, 51.124510956322034], [20.826316150101444, 51.12445497909768], [20.826305416476327, 51.12443292671783], [20.826288639477468, 51.12439900409742], [20.826260986057225, 51.12434303132121], [20.826233050523307, 51.1242871529049], [20.826223716234594, 51.124267957370215], [20.8262140855871, 51.124248496584876], [20.826204315630047, 51.124229127934555], [20.82619468854532, 51.124209757051666], [20.826185200786576, 51.12419029403191], [20.82616579670229, 51.12415137468435], [20.826156166104518, 51.124131913893386], [20.826130526262126, 51.124079867861774], [20.826127267268905, 51.12407335170615], [20.826306897368653, 51.124068206813725], [20.826345077386495, 51.12406850997878], [20.826598040527397, 51.12407058528125], [20.826691368416697, 51.12407371504406], [20.82676605628518, 51.12357543048198], [20.827133471359687, 51.12340965048781], [20.82730829951761, 51.12337345301177], [20.82755235415415, 51.12353381472728], [20.82778935106497, 51.12355880688067], [20.827802701098697, 51.123560217438914], [20.827968428405494, 51.12333695498993], [20.828168134459684, 51.12325745642515], [20.82830891329265, 51.12311923574289], [20.828263936090032, 51.122990217124425], [20.828247480186047, 51.12293910743435], [20.828243090473972, 51.12292568211505], [20.828391377783838, 51.12264097933924], [20.82859476370557, 51.122401384007716], [20.829019109113144, 51.1222043910438], [20.829110835147908, 51.122167062008764], [20.82932664309081, 51.122079213103824], [20.829381934215462, 51.12205315917871], [20.829328579298185, 51.12199435071653], [20.829255347281585, 51.12191363317662], [20.8292523887161, 51.12190387385082], [20.829223170535045, 51.12180834391389], [20.829507219366064, 51.12175091282981], [20.82964576663094, 51.12172283618442], [20.82965526693164, 51.1217208883055], [20.829675688985144, 51.12171679037925], [20.829795517625094, 51.1216925149427], [20.82998143015514, 51.12165488048525], [20.830144509633516, 51.12162183128506], [20.830298517195523, 51.12159072308139], [20.83035495789235, 51.121579314140206], [20.830399912564058, 51.12157024404165], [20.830441888577983, 51.12156176032181], [20.830489536142625, 51.121552108266684], [20.830533780037737, 51.121543139205116], [20.830586820522683, 51.12153250306993], [20.83068197265303, 51.121513201060445], [20.83077712825696, 51.121493988878406], [20.83089312706797, 51.12147049196279], [20.831020900957746, 51.121444741433606], [20.83117178583968, 51.121414220738345], [20.831254601545538, 51.121397450444576], [20.83134152797739, 51.121379806059494], [20.831436825875837, 51.121360591107845], [20.831456261846512, 51.12135686815542]]]}, "properties": {"subarea_id": 14551679, "arodes_int_num": 1613018384, "adress_forest": "16-13-2-05-123   -b   -00", "area_type_cd": "D-STAN    ", "site_type_cd": "LMWYŻW ", "silviculture_cd": "O    ", "forest_func_cd": "OCHR  ", "stand_struct_cd": "DRZEW  ", "rotation_age": 100, "sub_area": 5.42, "prot_category_cd": "OCH MIAST", "species_cd_d": "SO       ", "part_cd": "5  ", "species_age": 67, "a_year": 2025, "st_area(geom)": 54760.7803, "st_length(geom)": 1328.2814685865565}}, {"type": "Feature", "id": 14547511, "geometry": {"type": "Polygon", "coordinates": [[[20.873118659946066, 51.118393598239045], [20.873489407895253, 51.11848130592292], [20.873364523387625, 51.11870137106602], [20.872994348899507, 51.11861374375281], [20.873118659946066, 51.118393598239045]]]}, "properties": {"subarea_id": 14547511, "arodes_int_num": 1613011039, "adress_forest": "16-13-2-08-81    -o   -00", "area_type_cd": "ZAB INNE  ", "site_type_cd": null, "silviculture_cd": null, "forest_func_cd": null, "stand_struct_cd": null, "rotation_age": null, "sub_area": 0.07, "prot_category_cd": null, "species_cd_d": null, "part_cd": null, "species_age": null, "a_year": 2025, "st_area(geom)": 719.55185, "st_length(geom)": 107.36089904105174}}, {"type": "Feature", "id": 14548181, "geometry": {"type": "Polygon", "coordinates": [[[20.87119433414254, 51.13909096195766], [20.871223037875055, 51.13909706966663], [20.87260682683425, 51.13939364363899], [20.8725947969816, 51.1400893172104], [20.871850273506823, 51.140158633348285], [20.871255859101414, 51.14015267485638], [20.8712272481132, 51.140152413068364], [20.871226220348014, 51.14012346239721], [20.871197158619246, 51.139344693945304], [20.87119433414254, 51.13909096195766]]]}, "properties": {"subarea_id": 14548181, "arodes_int_num": 1613011191, "adress_forest": "16-13-2-08-185   -n   -00", "area_type_cd": "R         ", "site_type_cd": null, "silviculture_cd": null, "forest_func_cd": null, "stand_struct_cd": null, "rotation_age": null, "sub_area": 0.9700000000000001, "prot_category_cd": null, "species_cd_d": null, "part_cd": null, "species_age": null, "a_year": 2025, "st_area(geom)": 9696.28365, "st_length(geom)": 396.034509712955}}, {"type": "Feature", "id": 14548579, "geometry": {"type": "Polygon", "coordinates": [[[20.872611200987098, 51.13901763063372], [20.872932458031126, 51.13916451741691], [20.873332487291485, 51.13928612192974], [20.87335683632035, 51.140050032202794], [20.8725947969816, 51.1400893172104], [20.87260682683425, 51.13939364363899], [20.872611200987098, 51.13901763063372]]]}, "properties": {"subarea_id": 14548579, "arodes_int_num": 1613017912, "adress_forest": "16-13-2-08-185   -m   -00", "area_type_cd": "PS        ", "site_type_cd": null, "silviculture_cd": null, "forest_func_cd": null, "stand_struct_cd": null, "rotation_age": null, "sub_area": 0.52, "prot_category_cd": null, "species_cd_d": null, "part_cd": null, "species_age": null, "a_year": 2025, "st_area(geom)": 5208.90005, "st_length(geom)": 316.48011469674145}}, {"type": "Feature", "id": 14549126, "geometry": {"type": "Polygon", "coordinates": [[[20.87323729674252, 51.13639066348841], [20.873249614756247, 51.13676209118051], [20.873145065674944, 51.13675800873989], [20.873141112120837, 51.136430707391135], [20.87323729674252, 51.13639066348841]]]}, "properties": {"subarea_id": 14549126, "arodes_int_num": 1613019248, "adress_forest": "16-13-2-08-185   -w   -00", "area_type_cd": "LZR-R     ", "site_type_cd": null, "silviculture_cd": null, "forest_func_cd": null, "stand_struct_cd": null, "rotation_age": null, "sub_area": 0.030000000000000002, "prot_category_cd": null, "species_cd_d": null, "part_cd": null, "species_age": null, "a_year": 2025, "st_area(geom)": 273.9051, "st_length(geom)": 93.10294770952663}}, {"type": "Feature", "id": 14549464, "geometry": {"type": "Polygon", "coordinates": [[[20.869341229837918, 51.12806766016187], [20.871716999608232, 51.12818393083295], [20.871770143453315, 51.12818649849529], [20.873498868747088, 51.12827107902073], [20.873969442737124, 51.12829412366198], [20.874013973627836, 51.12842295254919], [20.873491605492056, 51.128398938877254], [20.872229019048653, 51.12834098931992], [20.872176310896837, 51.128338594808554], [20.87106812953201, 51.128287695831744], [20.869413239457504, 51.12821170443053], [20.869341229837918, 51.12806766016187]]]}, "properties": {"subarea_id": 14549464, "arodes_int_num": 1613011005, "adress_forest": "16-13-2-08-79    -d   -00", "area_type_cd": "LINIE     ", "site_type_cd": null, "silviculture_cd": null, "forest_func_cd": null, "stand_struct_cd": null, "rotation_age": null, "sub_area": 0.47000000000000003, "prot_category_cd": null, "species_cd_d": null, "part_cd": null, "species_age": null, "a_year": 2025, "st_area(geom)": 4799.06855, "st_length(geom)": 679.0315266049114}}, {"type": "Feature", "id": 14550944, "geometry": {"type": "Polygon", "coordinates": [[[20.875444136013463, 51.130026859550846], [20.875453382922682, 51.130057477601085], [20.87559374922098, 51.13052598748291], [20.875684331525143, 51.130827879999956], [20.87581940908383, 51.13127866231577], [20.87615514684314, 51.132425844796096], [20.87616327428549, 51.13245351206312], [20.87617108316892, 51.13248037480008], [20.876517670904505, 51.13374307076068], [20.876748174331386, 51.134617921685575], [20.87680125628642, 51.13481974979024], [20.876808032913697, 51.13484581940808], [20.87671320629127, 51.134887463778924], [20.876620764932078, 51.134927990264835], [20.876488573607368, 51.134986157118625], [20.87632321678788, 51.13505861997017], [20.876163758931007, 51.13512846904124], [20.875963000420025, 51.135216522794], [20.875777825461878, 51.13529748921424], [20.875710684398374, 51.135327263647916], [20.875632150983964, 51.135361718807275], [20.87547746564759, 51.13542942128249], [20.875401463914162, 51.13546284611271], [20.875326444118958, 51.135495805342266], [20.87527502619963, 51.13551840039942], [20.875237371508515, 51.13553483732135], [20.875148298746897, 51.13557386923389], [20.874918881038845, 51.13567461537305], [20.874833318209102, 51.13571206143436], [20.874764197242182, 51.13574240682457], [20.874746483746915, 51.13574988766256], [20.87465904842493, 51.13578700377855], [20.874537603874572, 51.135838788831144], [20.87442529436252, 51.13588664898064], [20.874342640528187, 51.13592179903822], [20.87426125078838, 51.135956389011966], [20.874179725311325, 51.13599116102414], [20.874067550669775, 51.13603883874248], [20.873962968445113, 51.13608333601872], [20.873944836918973, 51.13609109331373], [20.873806655395903, 51.13614980289521], [20.873669745034658, 51.1362081320997], [20.873456929019653, 51.13629880362654], [20.873434363703243, 51.13625355544128], [20.871929500739313, 51.1332442946873], [20.87212614165305, 51.132983770282486], [20.872413449747807, 51.13283685250795], [20.872711715475017, 51.132547351632105], [20.872713572057318, 51.132462489501016], [20.872755206059786, 51.1306256463277], [20.87407447543892, 51.13032347101925], [20.874823084370636, 51.13016132524724], [20.875444136013463, 51.130026859550846]]]}, "properties": {"subarea_id": 14550944, "arodes_int_num": 1613003721, "adress_forest": "16-13-2-08-60    -a   -00", "area_type_cd": "D-STAN    ", "site_type_cd": "LMWYŻŚW", "silviculture_cd": "O    ", "forest_func_cd": "OCHR  ", "stand_struct_cd": "DRZEW  ", "rotation_age": 100, "sub_area": 15.15, "prot_category_cd": "OCH MIAST", "species_cd_d": "SO       ", "part_cd": "9  ", "species_age": 78, "a_year": 2025, "st_area(geom)": 152178.66315, "st_length(geom)": 1694.7142075214683}}, {"type": "Feature", "id": 14551420, "geometry": {"type": "Polygon", "coordinates": [[[20.871187425496423, 51.138467469686944], [20.87121601363016, 51.13846719208457], [20.87330575577269, 51.138449202183054], [20.873332487291485, 51.13928612192974], [20.872932458031126, 51.13916451741691], [20.872611200987098, 51.13901763063372], [20.87260682683425, 51.13939364363899], [20.871223037875055, 51.13909706966663], [20.87119433414254, 51.13909096195766], [20.871187425496423, 51.138467469686944]]]}, "properties": {"subarea_id": 14551420, "arodes_int_num": 1613017914, "adress_forest": "16-13-2-08-185   -o   -00", "area_type_cd": "R         ", "site_type_cd": null, "silviculture_cd": null, "forest_func_cd": null, "stand_struct_cd": null, "rotation_age": null, "sub_area": 1.26, "prot_category_cd": null, "species_cd_d": null, "part_cd": null, "species_age": null, "a_year": 2025, "st_area(geom)": 12538.9352, "st_length(geom)": 515.6697296337088}}, {"type": "Feature", "id": 14551739, "geometry": {"type": "Polygon", "coordinates": [[[20.872267296688488, 51.136794737911885], [20.872300364672974, 51.137940749195806], [20.872305533451154, 51.13811797766312], [20.873167068753542, 51.13811056552483], [20.873294435399803, 51.13810951450135], [20.87330575577269, 51.138449202183054], [20.87121601363016, 51.13846719208457], [20.871187425496423, 51.138467469686944], [20.871173080809466, 51.13724631193932], [20.871332995717644, 51.13718033075036], [20.872267296688488, 51.136794737911885]]]}, "properties": {"subarea_id": 14551739, "arodes_int_num": 1613017921, "adress_forest": "16-13-2-08-185   -x   -00", "area_type_cd": "PS        ", "site_type_cd": null, "silviculture_cd": null, "forest_func_cd": null, "stand_struct_cd": null, "rotation_age": null, "sub_area": 1.52, "prot_category_cd": null, "species_cd_d": null, "part_cd": null, "species_age": null, "a_year": 2025, "st_area(geom)": 15135.19305, "st_length(geom)": 629.6687244478993}}, {"type": "Feature", "id": 14552029, "geometry": {"type": "Polygon", "coordinates": [[[20.873141112120837, 51.136430707391135], [20.873144922776067, 51.136758011029244], [20.87295472733642, 51.136750532624276], [20.872947045687972, 51.13802341053552], [20.87230516775744, 51.13794283132299], [20.872300364672974, 51.137940749195806], [20.872267296688488, 51.136794737911885], [20.873141112120837, 51.136430707391135]]]}, "properties": {"subarea_id": 14552029, "arodes_int_num": 1613011195, "adress_forest": "16-13-2-08-185   -t   -00", "area_type_cd": "LZR-PS    ", "site_type_cd": null, "silviculture_cd": null, "forest_func_cd": null, "stand_struct_cd": null, "rotation_age": null, "sub_area": 0.73, "prot_category_cd": null, "species_cd_d": null, "part_cd": null, "species_age": null, "a_year": 2025, "st_area(geom)": 7342.61665, "st_length(geom)": 438.2341532626304}}, {"type": "Feature", "id": 14552086, "geometry": {"type": "Polygon", "coordinates": [[[20.87315164964216, 51.137323392209275], [20.87326831477329, 51.13732296244818], [20.873294435399803, 51.13810951450135], [20.873167068753542, 51.13811056552483], [20.87315164964216, 51.137323392209275]]]}, "properties": {"subarea_id": 14552086, "arodes_int_num": 1613017916, "adress_forest": "16-13-2-08-185   -p   -00", "area_type_cd": "R         ", "site_type_cd": null, "silviculture_cd": null, "forest_func_cd": null, "stand_struct_cd": null, "rotation_age": null, "sub_area": 0.07, "prot_category_cd": null, "species_cd_d": null, "part_cd": null, "species_age": null, "a_year": 2025, "st_area(geom)": 746.9598, "st_length(geom)": 192.0907161798879}}]}